2026-04-06 13:54:02,311 - __main__ - INFO - ✅ Команды бота зарегистрированы
2026-04-06 13:54:02,371 - __main__ - INFO - ✅ Webhook удалён
2026-04-06 13:54:02,371 - __main__ - INFO - ✅ Бот запущен и ожидает сообщения...
2026-04-06 13:54:02,487 - dispatcher - INFO - Бот: @nbrmessage_bot first_name=Увидел Надпись? Сообщи! id=106560023
2026-04-06 13:54:02,488 - dispatcher - INFO - Зарегистрировано 12 обработчиков событий
2026-04-06 13:54:15,472 - dispatcher - INFO - Обработано: router_id: 0 | UpdateType.MESSAGE_CREATED | chat_id: 109867857, user_id: 13994310
2026-04-06 13:54:27,563 - dispatcher - INFO - Обработано: router_id: 0 | UpdateType.MESSAGE_CALLBACK | chat_id: 109867857, user_id: 13994310
2026-04-06 13:54:31,266 - __main__ - INFO - 📍 Получена геолокация: 63.20280075073242, 75.45182800292969
2026-04-06 13:54:31,302 - __main__ - INFO - ✅ Сообщение сохранено в CRM, ID: 13
2026-04-06 13:54:31,448 - dispatcher - INFO - Обработано: router_id: 0 | UpdateType.MESSAGE_CREATED | chat_id: 109867857, user_id: 13994310
2026-04-06 13:55:09,022 - dispatcher - INFO - Обработано: router_id: 0 | UpdateType.MESSAGE_CALLBACK | chat_id: 109867857, user_id: 13994310
2026-04-06 13:55:18,584 - __main__ - INFO - ✅ Сообщение сохранено в CRM, ID: 14
2026-04-06 13:55:18,702 - dispatcher - INFO - Обработано: router_id: 0 | UpdateType.MESSAGE_CREATED | chat_id: 109867857, user_id: 13994310
2026-04-06 13:55:39,261 - dispatcher - INFO - Обработано: router_id: 0 | UpdateType.MESSAGE_CALLBACK | chat_id: 109867857, user_id: 13994310
2026-04-06 13:55:46,339 - __main__ - INFO - ✅ Сообщение сохранено в CRM, ID: 15
2026-04-06 13:55:46,481 - dispatcher - INFO - Обработано: router_id: 0 | UpdateType.MESSAGE_CREATED | chat_id: 109867857, user_id: 13994310
2026-04-06 13:59:00,034 - asyncio - ERROR - Unclosed client session
client_session: <aiohttp.client.ClientSession object at 0x7feca3de3350>
2026-04-06 13:59:02,128 - __main__ - INFO - ✅ Команды бота зарегистрированы
2026-04-06 13:59:02,186 - __main__ - INFO - ✅ Webhook удалён
2026-04-06 13:59:02,186 - __main__ - INFO - ✅ Бот запущен и ожидает сообщения...
2026-04-06 13:59:02,306 - dispatcher - INFO - Бот: @nbrmessage_bot first_name=Увидел Надпись? Сообщи! id=106560023
2026-04-06 13:59:02,307 - dispatcher - INFO - Зарегистрировано 9 обработчиков событий
2026-04-06 13:59:13,450 - dispatcher - INFO - Обработано: router_id: 0 | UpdateType.MESSAGE_CREATED | chat_id: 109867857, user_id: 13994310
2026-04-06 13:59:16,036 - dispatcher - INFO - Обработано: router_id: 0 | UpdateType.MESSAGE_CALLBACK | chat_id: 109867857, user_id: 13994310
2026-04-06 13:59:20,067 - __main__ - INFO - 📨 Получено сообщение от 13994310
2026-04-06 13:59:20,067 - __main__ - INFO - 📝 Текст: Нет
2026-04-06 13:59:20,068 - __main__ - INFO - 📎 Найдено вложений: 2
2026-04-06 13:59:20,068 - __main__ - INFO - 📎 Вложение: type='image' payload=PhotoAttachmentPayload(photo_id=11552790854, token='Q6OwA0U4Q6f8qGTfjKLRwelPV/rnYSpmUW+Hvq0tH1oZWsQ+szVNrwKAKE0e739OH3faQIUalZh9Q8dfzxHIAhOLfiZ44CYC+1eQM8uYvWM=', url='https://i.oneme.ru/i?r=BTGBPUwtwgYUeoFhO7rESmr8i0eLDW9-lZecYw4xvZo3GnbiWYfhP9XHJrTEmTrEH9A') bot=<maxapi.bot.Bot object at 0x7f65d9187990>
2026-04-06 13:59:20,068 - __main__ - INFO -    Тип: image
2026-04-06 13:59:20,068 - __main__ - INFO -    file_id: None
2026-04-06 13:59:20,068 - __main__ - INFO - 📎 Вложение: type='image' payload=PhotoAttachmentPayload(photo_id=11552745542, token='MSUv8gMP1usPN/g6QQ0qH2Nq8WXxN8fUo8hnoJy/1rBfH49qPpcO2pOWd3bQmHeMcAyI4AssvY2wBWAtxAoRSuzvNbriLQqud4R3mdBtXNA=', url='https://i.oneme.ru/i?r=BTGBPUwtwgYUeoFhO7rESmr8FYiliOUj8nJUpRQYeGXel3biWYfhP9XHJrTEmTrEH9A') bot=<maxapi.bot.Bot object at 0x7f65d9187990>
2026-04-06 13:59:20,068 - __main__ - INFO -    Тип: image
2026-04-06 13:59:20,068 - __main__ - INFO -    file_id: None
2026-04-06 13:59:20,196 - dispatcher - INFO - Обработано: router_id: 0 | UpdateType.MESSAGE_CREATED | chat_id: 109867857, user_id: 13994310
2026-04-06 14:01:43,922 - asyncio - ERROR - Unclosed client session
client_session: <aiohttp.client.ClientSession object at 0x7f65d91ea390>
2026-04-06 14:03:40,127 - __main__ - INFO - ✅ Бот запущен
2026-04-06 14:03:40,240 - dispatcher - INFO - Бот: @nbrmessage_bot first_name=Увидел Надпись? Сообщи! id=106560023
2026-04-06 14:03:40,241 - dispatcher - INFO - Зарегистрировано 9 обработчиков событий
2026-04-06 14:03:47,319 - dispatcher - INFO - Обработано: router_id: 0 | UpdateType.MESSAGE_CALLBACK | chat_id: 109867857, user_id: 13994310
2026-04-06 14:04:02,355 - __main__ - INFO - 📨 Сообщение от 13994310: текст='Проверка нового бота'
2026-04-06 14:04:02,356 - __main__ - INFO - 📎 Вложений: 3
2026-04-06 14:04:02,356 - __main__ - INFO -    Тип вложения: image
2026-04-06 14:04:02,356 - __main__ - INFO -    file_id: None
2026-04-06 14:04:02,356 - __main__ - INFO -    Тип вложения: image
2026-04-06 14:04:02,356 - __main__ - INFO -    file_id: None
2026-04-06 14:04:02,356 - __main__ - INFO -    Тип вложения: image
2026-04-06 14:04:02,356 - __main__ - INFO -    file_id: None
2026-04-06 14:04:02,356 - __main__ - INFO - 📤 Отправка в CRM: фото=0, гео=False
2026-04-06 14:04:02,377 - __main__ - INFO - ✅ Сообщение сохранено в CRM, ID: 16
2026-04-06 14:04:02,508 - dispatcher - INFO - Обработано: router_id: 0 | UpdateType.MESSAGE_CREATED | chat_id: 109867857, user_id: 13994310
2026-04-06 14:04:20,847 - asyncio - ERROR - Unclosed client session
client_session: <aiohttp.client.ClientSession object at 0x7f86871e4810>
2026-04-06 14:04:21,820 - __main__ - INFO - ✅ Бот запущен
2026-04-06 14:04:21,934 - dispatcher - INFO - Бот: @nbrmessage_bot first_name=Увидел Надпись? Сообщи! id=106560023
2026-04-06 14:04:21,935 - dispatcher - INFO - Зарегистрировано 9 обработчиков событий
2026-04-06 14:04:26,045 - dispatcher - INFO - Обработано: router_id: 0 | UpdateType.MESSAGE_CALLBACK | chat_id: 109867857, user_id: 13994310
2026-04-06 14:04:32,450 - __main__ - INFO - 📨 Сообщение от 13994310: текст='ааа'
2026-04-06 14:04:32,451 - __main__ - INFO - 📎 Вложений: 1
2026-04-06 14:04:32,451 - __main__ - INFO -    Тип вложения: image
2026-04-06 14:04:32,451 - __main__ - INFO -    file_id: None
2026-04-06 14:04:32,451 - __main__ - INFO - 📤 Отправка в CRM: фото=0, гео=False
2026-04-06 14:04:32,478 - __main__ - INFO - ✅ Сообщение сохранено в CRM, ID: 17
2026-04-06 14:04:32,585 - dispatcher - INFO - Обработано: router_id: 0 | UpdateType.MESSAGE_CREATED | chat_id: 109867857, user_id: 13994310
2026-04-06 14:05:20,444 - dispatcher - INFO - Обработано: router_id: 0 | UpdateType.MESSAGE_CALLBACK | chat_id: 109867857, user_id: 13994310
2026-04-06 14:05:28,234 - __main__ - INFO - 📨 Сообщение от 13994310: текст='вавыаыва'
2026-04-06 14:05:28,234 - __main__ - INFO - 📎 Вложений: 1
2026-04-06 14:05:28,234 - __main__ - INFO -    Тип вложения: image
2026-04-06 14:05:28,234 - __main__ - INFO -    file_id: None
2026-04-06 14:05:28,234 - __main__ - INFO - 📤 Отправка в CRM: фото=0, гео=False
2026-04-06 14:05:28,268 - __main__ - INFO - ✅ Сообщение сохранено в CRM, ID: 18
2026-04-06 14:05:28,386 - dispatcher - INFO - Обработано: router_id: 0 | UpdateType.MESSAGE_CREATED | chat_id: 109867857, user_id: 13994310
2026-04-06 14:09:02,308 - asyncio - ERROR - Unclosed client session
client_session: <aiohttp.client.ClientSession object at 0x7f9c763e4650>
2026-04-06 14:09:03,972 - __main__ - INFO - ✅ Бот запущен
2026-04-06 14:09:04,084 - dispatcher - INFO - Бот: @nbrmessage_bot first_name=Увидел Надпись? Сообщи! id=106560023
2026-04-06 14:09:04,085 - dispatcher - INFO - Зарегистрировано 9 обработчиков событий
2026-04-06 14:09:07,460 - dispatcher - INFO - Обработано: router_id: 0 | UpdateType.MESSAGE_CALLBACK | chat_id: 109867857, user_id: 13994310
2026-04-06 14:09:12,967 - __main__ - INFO - 📨 Сообщение от 13994310: текст=''
2026-04-06 14:09:12,967 - __main__ - INFO - 📎 Вложений: 1
2026-04-06 14:09:12,967 - __main__ - INFO - 📎 Вложение #0:
2026-04-06 14:09:12,968 - __main__ - INFO -    Тип: image
2026-04-06 14:09:12,968 - __main__ - INFO -    bot: <maxapi.bot.Bot object at 0x7fa1fea91c10>
2026-04-06 14:09:12,968 - __main__ - INFO -    model_computed_fields: {}
2026-04-06 14:09:12,969 - __main__ - INFO -    model_config: {'use_enum_values': True}
2026-04-06 14:09:12,969 - __main__ - INFO -    model_fields: {'type': FieldInfo(annotation=Literal[<AttachmentType.IMAGE: 'image'>], required=True), 'payload': FieldInfo(annotation=Union[AttachmentUpload, PhotoAttachmentPayload, OtherAttachmentPayload, ButtonsPayload, ContactAttachmentPayload, StickerAttachmentPayload, NoneType], required=False, default=None), 'bot': FieldInfo(annotation=Union[Any, NoneType], required=False, default=None, exclude=True)}
2026-04-06 14:09:12,969 - __main__ - INFO -    model_fields_set: {'payload', 'bot', 'type'}
2026-04-06 14:09:12,969 - __main__ - INFO -    payload: photo_id=11610403142 token='LmsYNb5YfnkXB3wJ1X3t/LVZGNInGccxQ5tfL+WyzWeCbYvNMuPLTwasnI9k/XlpXQEul8Y4Epilr7aKdHqS/jU/L/W3OkwW8hCfIGk6imi0dmri0quCBLGVO37d8ij3' url='https://i.oneme.ru/i?r=BTGBPUwtwgYUeoFhO7rESmr8WKL6dc7P4DdLgYcto8KkvHbiWYfhP9XHJrTEmTrEH9A'
2026-04-06 14:09:12,969 - __main__ - INFO -    type: image
2026-04-06 14:09:12,969 - __main__ - INFO -    📷 Найден file_id: None
2026-04-06 14:09:13,138 - dispatcher - INFO - Обработано: router_id: 0 | UpdateType.MESSAGE_CREATED | chat_id: 109867857, user_id: 13994310
2026-04-06 14:11:35,300 - dispatcher - INFO - Обработано: router_id: 0 | UpdateType.MESSAGE_CALLBACK | chat_id: 109867857, user_id: 13994310
2026-04-06 14:11:48,670 - __main__ - INFO - 📨 Сообщение от 13994310: текст=''
2026-04-06 14:11:48,670 - __main__ - INFO - 📎 Вложений: 1
2026-04-06 14:11:48,670 - __main__ - INFO - 📎 Вложение #0:
2026-04-06 14:11:48,670 - __main__ - INFO -    Тип: image
2026-04-06 14:11:48,670 - __main__ - INFO -    bot: <maxapi.bot.Bot object at 0x7fa1fea91c10>
2026-04-06 14:11:48,671 - __main__ - INFO -    model_computed_fields: {}
2026-04-06 14:11:48,671 - __main__ - INFO -    model_config: {'use_enum_values': True}
2026-04-06 14:11:48,671 - __main__ - INFO -    model_fields: {'type': FieldInfo(annotation=Literal[<AttachmentType.IMAGE: 'image'>], required=True), 'payload': FieldInfo(annotation=Union[AttachmentUpload, PhotoAttachmentPayload, OtherAttachmentPayload, ButtonsPayload, ContactAttachmentPayload, StickerAttachmentPayload, NoneType], required=False, default=None), 'bot': FieldInfo(annotation=Union[Any, NoneType], required=False, default=None, exclude=True)}
2026-04-06 14:11:48,671 - __main__ - INFO -    model_fields_set: {'payload', 'bot', 'type'}
2026-04-06 14:11:48,671 - __main__ - INFO -    payload: photo_id=11610815046 token='4aO/MHPcE1gKmwZC6mYo6q2jD/tIrVrWcNcVgOOlUYTEhkvOcVAbMn6KOR4v58TMzfqA59O1jX9SOqVRrVamfSsfB3cGc+vepfWhW6SRdCoVfYb86UjnI05E1qRXJbsR' url='https://i.oneme.ru/i?r=BTGBPUwtwgYUeoFhO7rESmr8WKL6dc7P4DdLgYcto8KkvHbiWYfhP9XHJrTEmTrEH9A'
2026-04-06 14:11:48,671 - __main__ - INFO -    type: image
2026-04-06 14:11:48,671 - __main__ - INFO -    📷 Найден file_id: None
2026-04-06 14:11:48,793 - dispatcher - INFO - Обработано: router_id: 0 | UpdateType.MESSAGE_CREATED | chat_id: 109867857, user_id: 13994310
2026-04-06 14:11:57,162 - asyncio - ERROR - Unclosed client session
client_session: <aiohttp.client.ClientSession object at 0x7fa1fe9dc590>
2026-04-06 14:11:59,440 - __main__ - INFO - ✅ Бот запущен
2026-04-06 14:11:59,552 - dispatcher - INFO - Бот: @nbrmessage_bot first_name=Увидел Надпись? Сообщи! id=106560023
2026-04-06 14:11:59,553 - dispatcher - INFO - Зарегистрировано 9 обработчиков событий
2026-04-06 14:12:05,369 - dispatcher - INFO - Обработано: router_id: 0 | UpdateType.MESSAGE_CREATED | chat_id: 109867857, user_id: 13994310
2026-04-06 14:12:07,847 - dispatcher - INFO - Обработано: router_id: 0 | UpdateType.MESSAGE_CALLBACK | chat_id: 109867857, user_id: 13994310
2026-04-06 14:12:15,015 - __main__ - INFO - 📨 Сообщение от 13994310: текст='fdfdsfdfsf'
2026-04-06 14:12:15,015 - __main__ - INFO - 📎 Вложений: 1
2026-04-06 14:12:15,016 - __main__ - INFO - 📎 Вложение #0: {"type": "image", "payload": {"photo_id": 11610880838, "token": "Fesvz+F0n0IRGxDTmXyiRCnu518xBHWfRGzBVRjRdCDud1eEr6I/P9k5NY8fiZ3GShVOYbVR2Bs9F9exB3jWtUW+dXXi4kTZeZr6Csp8pXlo9lfWPq9AOCNg5RI8m+Yo", "url": "https://i.oneme.ru/i?r=BTGBPUwtwgYUeoFhO7rESmr8fg6qzSZ2Z06Xbqo62N2As3biWYfhP9XHJrTEmTrEH9A"}}
2026-04-06 14:12:15,016 - __main__ - INFO -    📷 file_id: None
2026-04-06 14:12:15,016 - __main__ - INFO - 📤 Отправка в CRM: фото=0, гео=False
2026-04-06 14:12:15,033 - __main__ - INFO - ✅ Сообщение сохранено в CRM, ID: 19
2026-04-06 14:12:15,184 - dispatcher - INFO - Обработано: router_id: 0 | UpdateType.MESSAGE_CREATED | chat_id: 109867857, user_id: 13994310
2026-04-06 14:14:57,237 - asyncio - ERROR - Unclosed client session
client_session: <aiohttp.client.ClientSession object at 0x7fcdb1ae8650>
2026-04-06 14:16:47,831 - __main__ - INFO - ✅ Бот запущен
2026-04-06 14:16:47,945 - dispatcher - INFO - Бот: @nbrmessage_bot first_name=Увидел Надпись? Сообщи! id=106560023
2026-04-06 14:16:47,945 - dispatcher - INFO - Зарегистрировано 9 обработчиков событий
2026-04-06 14:16:53,562 - dispatcher - INFO - Обработано: router_id: 0 | UpdateType.MESSAGE_CALLBACK | chat_id: 109867857, user_id: 13994310
2026-04-06 14:16:55,569 - dispatcher - INFO - Обработано: router_id: 0 | UpdateType.MESSAGE_CALLBACK | chat_id: 109867857, user_id: 13994310
2026-04-06 14:17:02,038 - __main__ - INFO - 📨 Сообщение от 13994310: текст=''
2026-04-06 14:17:02,038 - __main__ - INFO - 📎 Вложений: 1
2026-04-06 14:17:02,039 - __main__ - INFO - 📎 Вложение #0: {"type": "image", "payload": {"photo_id": 11611646022, "token": "RmgjI5WcALvx90a+tUeek85vYvE5/CmNbwiiWKygk7Nk970yjn/rBuk6ZYsjHdpPIfYLOlqdPaBrzk9KCQhXQdW3c8d1UDhkntkdyP61P4vxVaEaWclnhbeLxfCrqeW0", "url": "https://i.oneme.ru/i?r=BTGBPUwtwgYUeoFhO7rESmr8fg6qzSZ2Z06Xbqo62N2As3biWYfhP9XHJrTEmTrEH9A"}}
2026-04-06 14:17:02,039 - __main__ - INFO -    📷 file_id: None
2026-04-06 14:17:02,153 - dispatcher - INFO - Обработано: router_id: 0 | UpdateType.MESSAGE_CREATED | chat_id: 109867857, user_id: 13994310
2026-04-06 14:17:41,881 - __main__ - INFO - 📨 Сообщение от 13994310: текст='gghjghjhjhjghjgjhghghjnbbbnbnvnbvbnvbn
jkhjkhjkhkh'
2026-04-06 14:17:41,881 - __main__ - INFO - 📎 Вложений: 1
2026-04-06 14:17:41,881 - __main__ - INFO - 📎 Вложение #0: {"type": "image", "payload": {"photo_id": 11611757382, "token": "6KGOHqGdZNzP30ThO6wRB24eAedKF/HJb/IJGVJn5fIrreAM9tFzpe+O2pqzSxLLdrmplzQqwuo1UcpFfz2KrpQNKZ12C92U4I04MT3AlxGyrgwRkbHt0k/UMYX6ytiq", "url": "https://i.oneme.ru/i?r=BTGBPUwtwgYUeoFhO7rESmr8fg6qzSZ2Z06Xbqo62N2As3biWYfhP9XHJrTEmTrEH9A"}}
2026-04-06 14:17:41,881 - __main__ - INFO -    📷 file_id: None
2026-04-06 14:17:41,881 - __main__ - INFO - 📤 Отправка в CRM: фото=0, гео=False
2026-04-06 14:17:41,952 - __main__ - INFO - ✅ Сообщение сохранено в CRM, ID: 20
2026-04-06 14:17:42,089 - dispatcher - INFO - Обработано: router_id: 0 | UpdateType.MESSAGE_CREATED | chat_id: 109867857, user_id: 13994310
2026-04-06 14:19:12,106 - dispatcher - INFO - Проигнорировано: router_id: 0 | UpdateType.DIALOG_CLEARED | chat_id: 109867857, user_id: 13994310
2026-04-06 14:19:17,702 - dispatcher - INFO - Проигнорировано: router_id: 0 | UpdateType.BOT_STOPPED | chat_id: 109867857, user_id: 13994310
2026-04-06 14:19:19,143 - dispatcher - INFO - Обработано: router_id: 0 | UpdateType.BOT_STARTED | chat_id: 109867857, user_id: 13994310
2026-04-06 14:19:30,500 - dispatcher - INFO - Обработано: router_id: 0 | UpdateType.MESSAGE_CALLBACK | chat_id: 109867857, user_id: 13994310
2026-04-06 14:19:38,742 - __main__ - INFO - 📨 Сообщение от 13994310: текст='ddfdsfdsff'
2026-04-06 14:19:38,742 - __main__ - INFO - 📎 Вложений: 1
2026-04-06 14:19:38,743 - __main__ - INFO - 📎 Вложение #0: {"type": "image", "payload": {"photo_id": 11612077638, "token": "0qeO4d71rjaQ/RzXKI9XcqPdYjVE3XQh0mGh5mSRLMlojaXTjFLJZ4QAFId9V6d16KTO+deHLMdK5pIyubhHqljxdMB27kc4g4GQ4394tgGwW5Dsd03M1xUrAMT5bs8c", "url": "https://i.oneme.ru/i?r=BTGBPUwtwgYUeoFhO7rESmr8fg6qzSZ2Z06Xbqo62N2As3biWYfhP9XHJrTEmTrEH9A"}}
2026-04-06 14:19:38,743 - __main__ - INFO -    📷 file_id: None
2026-04-06 14:19:38,743 - __main__ - INFO - 📤 Отправка в CRM: фото=0, гео=False
2026-04-06 14:19:38,759 - __main__ - INFO - ✅ Сообщение сохранено в CRM, ID: 21
2026-04-06 14:19:38,884 - dispatcher - INFO - Обработано: router_id: 0 | UpdateType.MESSAGE_CREATED | chat_id: 109867857, user_id: 13994310
2026-04-06 14:28:09,535 - asyncio - ERROR - Unclosed client session
client_session: <aiohttp.client.ClientSession object at 0x7f16939ec710>
2026-04-06 14:36:58,813 - __main__ - INFO - ✅ Бот запущен
2026-04-06 14:36:58,935 - dispatcher - INFO - Бот: @nbrmessage_bot first_name=Увидел Надпись? Сообщи! id=106560023
2026-04-06 14:36:58,936 - dispatcher - INFO - Зарегистрировано 9 обработчиков событий
2026-04-06 14:37:03,768 - dispatcher - INFO - Проигнорировано: router_id: 0 | UpdateType.BOT_STOPPED | chat_id: 109867857, user_id: 13994310
2026-04-06 14:37:06,325 - dispatcher - INFO - Обработано: router_id: 0 | UpdateType.BOT_STARTED | chat_id: 109867857, user_id: 13994310
2026-04-06 14:37:08,001 - dispatcher - INFO - Обработано: router_id: 0 | UpdateType.MESSAGE_CALLBACK | chat_id: 109867857, user_id: 13994310
2026-04-06 14:37:14,454 - __main__ - INFO - 📨 Сообщение от 13994310: текст=''
2026-04-06 14:37:14,454 - __main__ - INFO - 📎 Вложений: 1
2026-04-06 14:37:14,454 - __main__ - INFO - 📎 Вложение #0: {"type": "image", "payload": {"photo_id": 11614942022, "token": "eavtDjIO2Pwt4l+zj0NxdjQa8Gm7N6C9EW2cCilkWetG/K67D6/DFAEMv7fSSSDAe2I1V0YBh4IpaR/VhJ29cZhxZMy2uVeeWtgecK97asuezkBezsZkXP7Y89D2T8Wz", "url": "https://i.oneme.ru/i?r=BTGBPUwtwgYUeoFhO7rESmr8WKL6dc7P4DdLgYcto8KkvHbiWYfhP9XHJrTEmTrEH9A"}}
2026-04-06 14:37:14,454 - __main__ - INFO -    📷 file_id: None
2026-04-06 14:37:14,563 - dispatcher - INFO - Обработано: router_id: 0 | UpdateType.MESSAGE_CREATED | chat_id: 109867857, user_id: 13994310
2026-04-06 14:39:36,916 - asyncio - ERROR - Unclosed client session
client_session: <aiohttp.client.ClientSession object at 0x7f2efa2f00d0>
2026-04-06 14:39:56,808 - __main__ - INFO - ✅ Бот запущен
2026-04-06 14:39:56,916 - dispatcher - INFO - Бот: @nbrmessage_bot first_name=Увидел Надпись? Сообщи! id=106560023
2026-04-06 14:39:56,917 - dispatcher - INFO - Зарегистрировано 9 обработчиков событий
2026-04-06 14:42:05,582 - asyncio - ERROR - Unclosed client session
client_session: <aiohttp.client.ClientSession object at 0x7fad4cef81d0>
2026-04-06 14:42:06,557 - __main__ - INFO - ✅ Команды бота зарегистрированы
2026-04-06 14:42:06,614 - __main__ - INFO - ✅ Бот запущен
2026-04-06 14:42:06,729 - dispatcher - INFO - Бот: @nbrmessage_bot first_name=Увидел Надпись? Сообщи! id=106560023
2026-04-06 14:42:06,730 - dispatcher - INFO - Зарегистрировано 9 обработчиков событий
2026-04-06 14:42:14,512 - dispatcher - INFO - Обработано: router_id: 0 | UpdateType.MESSAGE_CREATED | chat_id: 109867857, user_id: 13994310
2026-04-06 14:42:17,135 - dispatcher - INFO - Обработано: router_id: 0 | UpdateType.MESSAGE_CALLBACK | chat_id: 109867857, user_id: 13994310
2026-04-06 14:42:28,058 - __main__ - INFO - 📨 Сообщение от 13994310: текст='повторная проверка'
2026-04-06 14:42:28,058 - __main__ - INFO - 📎 Вложений: 1
2026-04-06 14:42:28,058 - __main__ - INFO - 📎 Вложение #0: {"type": "image", "payload": {"photo_id": 11615826502, "token": "5Wf9JEvSibPUgYg8joHIjU8PHXtEPuxljBP02TMfmRSOYywgaLDIxOM7NRnNgONC9mFx5lgWCiBaQiRZ7CrCO9raNSASu4w9PLJRMHvxOGN9UUlVwuS2BU77mlSzN+6P", "url
2026-04-06 14:42:28,058 - __main__ - INFO - 📷 Найден прямой URL: https://i.oneme.ru/i?r=BTGBPUwtwgYUeoFhO7rESmr8WKL6dc7P4DdLgYcto8KkvHbiWYfhP9XHJ...
2026-04-06 14:42:28,058 - __main__ - INFO - 📤 Отправка в CRM: фото=1, гео=False
2026-04-06 14:42:28,077 - __main__ - INFO - ✅ Сообщение сохранено в CRM, ID: 24
2026-04-06 14:42:28,183 - dispatcher - INFO - Обработано: router_id: 0 | UpdateType.MESSAGE_CREATED | chat_id: 109867857, user_id: 13994310
2026-04-06 14:42:42,787 - dispatcher - INFO - Обработано: router_id: 0 | UpdateType.BOT_STARTED | chat_id: 109867857, user_id: 13994310
2026-04-06 14:42:45,142 - dispatcher - INFO - Обработано: router_id: 0 | UpdateType.MESSAGE_CALLBACK | chat_id: 109867857, user_id: 13994310
2026-04-06 14:42:49,267 - __main__ - INFO - 📨 Сообщение от 13994310: текст=''
2026-04-06 14:42:49,267 - __main__ - INFO - 📎 Вложений: 1
2026-04-06 14:42:49,267 - __main__ - INFO - 📎 Вложение #0: {"type": "location", "payload": null, "latitude": 63.20283126831055, "longitude": 75.45181274414062}
2026-04-06 14:42:49,267 - dispatcher - ERROR - Ошибка при обработке события: router_id: 0 | UpdateType.MESSAGE_CREATED | chat_id: 109867857, user_id: 13994310 | MiddlewareException(middleware=_process_event, router_id=0, process=UpdateType.MESSAGE_CREATED | chat_id: 109867857, user_id: 13994310, context_keys=['data', 'state'], cause=HandlerException: HandlerException(handler=handle_message, router_id=0, process=UpdateType.MESSAGE_CREATED | chat_id: 109867857, user_id: 13994310, context_keys=['data', 'state'], cause=AttributeError: 'NoneType' object has no attribute 'get')) 
Traceback (most recent call last):
  File "/home/malyhin@noyabrsk.local/.local/lib/python3.11/site-packages/maxapi/dispatcher.py", line 465, in _execute_handler
    await handler_chain(event, kwargs_filtered)
  File "/home/malyhin@noyabrsk.local/.local/lib/python3.11/site-packages/maxapi/dispatcher.py", line 312, in call_handler
    await handler.func_event(event_object)
  File "/home/malyhin@noyabrsk.local/trapping_v2/bot_py/bot.py", line 359, in handle_message
    latitude = payload.get('lat') or payload.get('latitude')
               ^^^^^^^^^^^
AttributeError: 'NoneType' object has no attribute 'get'

The above exception was the direct cause of the following exception:

Traceback (most recent call last):
  File "/home/malyhin@noyabrsk.local/.local/lib/python3.11/site-packages/maxapi/dispatcher.py", line 598, in handle
    await global_chain(event_object, kwargs)
  File "/home/malyhin@noyabrsk.local/.local/lib/python3.11/site-packages/maxapi/dispatcher.py", line 591, in _process_event
    await _process_handlers(event_object, data)
  File "/home/malyhin@noyabrsk.local/.local/lib/python3.11/site-packages/maxapi/dispatcher.py", line 566, in _process_handlers
    await self._execute_handler(
  File "/home/malyhin@noyabrsk.local/.local/lib/python3.11/site-packages/maxapi/dispatcher.py", line 468, in _execute_handler
    raise HandlerException(
maxapi.exceptions.dispatcher.HandlerException: HandlerException(handler=handle_message, router_id=0, process=UpdateType.MESSAGE_CREATED | chat_id: 109867857, user_id: 13994310, context_keys=['data', 'state'], cause=AttributeError: 'NoneType' object has no attribute 'get')

The above exception was the direct cause of the following exception:

Traceback (most recent call last):
  File "/home/malyhin@noyabrsk.local/.local/lib/python3.11/site-packages/maxapi/dispatcher.py", line 611, in handle
    raise MiddlewareException(
maxapi.exceptions.dispatcher.MiddlewareException: MiddlewareException(middleware=_process_event, router_id=0, process=UpdateType.MESSAGE_CREATED | chat_id: 109867857, user_id: 13994310, context_keys=['data', 'state'], cause=HandlerException: HandlerException(handler=handle_message, router_id=0, process=UpdateType.MESSAGE_CREATED | chat_id: 109867857, user_id: 13994310, context_keys=['data', 'state'], cause=AttributeError: 'NoneType' object has no attribute 'get'))
2026-04-06 14:42:58,193 - __main__ - INFO - 📨 Сообщение от 13994310: текст='Test'
2026-04-06 14:42:58,193 - __main__ - INFO - 📎 Вложений: 0
2026-04-06 14:42:58,193 - __main__ - INFO - 📤 Отправка в CRM: фото=0, гео=False
2026-04-06 14:42:58,228 - __main__ - INFO - ✅ Сообщение сохранено в CRM, ID: 25
2026-04-06 14:42:58,328 - dispatcher - INFO - Обработано: router_id: 0 | UpdateType.MESSAGE_CREATED | chat_id: 109867857, user_id: 13994310
2026-04-06 14:45:04,236 - dispatcher - INFO - Обработано: router_id: 0 | UpdateType.MESSAGE_CALLBACK | chat_id: 109867857, user_id: 13994310
2026-04-06 14:45:08,342 - __main__ - INFO - 📨 Сообщение от 13994310: текст=''
2026-04-06 14:45:08,342 - __main__ - INFO - 📎 Вложений: 1
2026-04-06 14:45:08,342 - __main__ - INFO - 📎 Вложение #0: {"type": "location", "payload": null, "latitude": 63.20283126831055, "longitude": 75.45181274414062}
2026-04-06 14:45:08,342 - dispatcher - ERROR - Ошибка при обработке события: router_id: 0 | UpdateType.MESSAGE_CREATED | chat_id: 109867857, user_id: 13994310 | MiddlewareException(middleware=_process_event, router_id=0, process=UpdateType.MESSAGE_CREATED | chat_id: 109867857, user_id: 13994310, context_keys=['data', 'state'], cause=HandlerException: HandlerException(handler=handle_message, router_id=0, process=UpdateType.MESSAGE_CREATED | chat_id: 109867857, user_id: 13994310, context_keys=['data', 'state'], cause=AttributeError: 'NoneType' object has no attribute 'get')) 
Traceback (most recent call last):
  File "/home/malyhin@noyabrsk.local/.local/lib/python3.11/site-packages/maxapi/dispatcher.py", line 465, in _execute_handler
    await handler_chain(event, kwargs_filtered)
  File "/home/malyhin@noyabrsk.local/.local/lib/python3.11/site-packages/maxapi/dispatcher.py", line 312, in call_handler
    await handler.func_event(event_object)
  File "/home/malyhin@noyabrsk.local/trapping_v2/bot_py/bot.py", line 359, in handle_message
    latitude = payload.get('lat') or payload.get('latitude')
               ^^^^^^^^^^^
AttributeError: 'NoneType' object has no attribute 'get'

The above exception was the direct cause of the following exception:

Traceback (most recent call last):
  File "/home/malyhin@noyabrsk.local/.local/lib/python3.11/site-packages/maxapi/dispatcher.py", line 598, in handle
    await global_chain(event_object, kwargs)
  File "/home/malyhin@noyabrsk.local/.local/lib/python3.11/site-packages/maxapi/dispatcher.py", line 591, in _process_event
    await _process_handlers(event_object, data)
  File "/home/malyhin@noyabrsk.local/.local/lib/python3.11/site-packages/maxapi/dispatcher.py", line 566, in _process_handlers
    await self._execute_handler(
  File "/home/malyhin@noyabrsk.local/.local/lib/python3.11/site-packages/maxapi/dispatcher.py", line 468, in _execute_handler
    raise HandlerException(
maxapi.exceptions.dispatcher.HandlerException: HandlerException(handler=handle_message, router_id=0, process=UpdateType.MESSAGE_CREATED | chat_id: 109867857, user_id: 13994310, context_keys=['data', 'state'], cause=AttributeError: 'NoneType' object has no attribute 'get')

The above exception was the direct cause of the following exception:

Traceback (most recent call last):
  File "/home/malyhin@noyabrsk.local/.local/lib/python3.11/site-packages/maxapi/dispatcher.py", line 611, in handle
    raise MiddlewareException(
maxapi.exceptions.dispatcher.MiddlewareException: MiddlewareException(middleware=_process_event, router_id=0, process=UpdateType.MESSAGE_CREATED | chat_id: 109867857, user_id: 13994310, context_keys=['data', 'state'], cause=HandlerException: HandlerException(handler=handle_message, router_id=0, process=UpdateType.MESSAGE_CREATED | chat_id: 109867857, user_id: 13994310, context_keys=['data', 'state'], cause=AttributeError: 'NoneType' object has no attribute 'get'))
2026-04-06 14:45:57,540 - asyncio - ERROR - Unclosed client session
client_session: <aiohttp.client.ClientSession object at 0x7fab13cfc750>
2026-04-06 14:46:29,185 - __main__ - INFO - ✅ Бот запущен
2026-04-06 14:46:29,303 - dispatcher - INFO - Бот: @nbrmessage_bot first_name=Увидел Надпись? Сообщи! id=106560023
2026-04-06 14:46:29,303 - dispatcher - INFO - Зарегистрировано 9 обработчиков событий
2026-04-06 14:46:34,495 - dispatcher - INFO - Обработано: router_id: 0 | UpdateType.MESSAGE_CREATED | chat_id: 109867857, user_id: 13994310
2026-04-06 14:46:36,690 - dispatcher - INFO - Обработано: router_id: 0 | UpdateType.MESSAGE_CALLBACK | chat_id: 109867857, user_id: 13994310
2026-04-06 14:46:45,793 - __main__ - INFO - 📨 Сообщение от 13994310: текст=''
2026-04-06 14:46:45,793 - __main__ - INFO - 📎 Вложений: 2
2026-04-06 14:46:45,793 - __main__ - INFO - 📷 Найден прямой URL
2026-04-06 14:46:45,794 - __main__ - INFO - ✅ Фото обработано
2026-04-06 14:46:45,794 - __main__ - INFO - 📷 Найден прямой URL
2026-04-06 14:46:45,794 - __main__ - INFO - ✅ Фото обработано
2026-04-06 14:46:45,794 - __main__ - INFO - 📤 Отправка в CRM: фото=2, гео=False
2026-04-06 14:46:45,829 - __main__ - INFO - ✅ Сообщение сохранено в CRM, ID: 26
2026-04-06 14:46:45,954 - dispatcher - INFO - Обработано: router_id: 0 | UpdateType.MESSAGE_CREATED | chat_id: 109867857, user_id: 13994310
2026-04-06 14:46:57,605 - dispatcher - INFO - Обработано: router_id: 0 | UpdateType.MESSAGE_CALLBACK | chat_id: 109867857, user_id: 13994310
2026-04-06 14:47:00,349 - __main__ - INFO - 📨 Сообщение от 13994310: текст=''
2026-04-06 14:47:00,349 - __main__ - INFO - 📎 Вложений: 1
2026-04-06 14:47:00,349 - dispatcher - ERROR - Ошибка при обработке события: router_id: 0 | UpdateType.MESSAGE_CREATED | chat_id: 109867857, user_id: 13994310 | MiddlewareException(middleware=_process_event, router_id=0, process=UpdateType.MESSAGE_CREATED | chat_id: 109867857, user_id: 13994310, context_keys=['data', 'state'], cause=HandlerException: HandlerException(handler=handle_message, router_id=0, process=UpdateType.MESSAGE_CREATED | chat_id: 109867857, user_id: 13994310, context_keys=['data', 'state'], cause=AttributeError: 'NoneType' object has no attribute 'get')) 
Traceback (most recent call last):
  File "/home/malyhin@noyabrsk.local/.local/lib/python3.11/site-packages/maxapi/dispatcher.py", line 465, in _execute_handler
    await handler_chain(event, kwargs_filtered)
  File "/home/malyhin@noyabrsk.local/.local/lib/python3.11/site-packages/maxapi/dispatcher.py", line 312, in call_handler
    await handler.func_event(event_object)
  File "/home/malyhin@noyabrsk.local/trapping_v2/bot_py/bot.py", line 374, in handle_message
    latitude = payload.get('lat') or payload.get('latitude')
               ^^^^^^^^^^^
AttributeError: 'NoneType' object has no attribute 'get'

The above exception was the direct cause of the following exception:

Traceback (most recent call last):
  File "/home/malyhin@noyabrsk.local/.local/lib/python3.11/site-packages/maxapi/dispatcher.py", line 598, in handle
    await global_chain(event_object, kwargs)
  File "/home/malyhin@noyabrsk.local/.local/lib/python3.11/site-packages/maxapi/dispatcher.py", line 591, in _process_event
    await _process_handlers(event_object, data)
  File "/home/malyhin@noyabrsk.local/.local/lib/python3.11/site-packages/maxapi/dispatcher.py", line 566, in _process_handlers
    await self._execute_handler(
  File "/home/malyhin@noyabrsk.local/.local/lib/python3.11/site-packages/maxapi/dispatcher.py", line 468, in _execute_handler
    raise HandlerException(
maxapi.exceptions.dispatcher.HandlerException: HandlerException(handler=handle_message, router_id=0, process=UpdateType.MESSAGE_CREATED | chat_id: 109867857, user_id: 13994310, context_keys=['data', 'state'], cause=AttributeError: 'NoneType' object has no attribute 'get')

The above exception was the direct cause of the following exception:

Traceback (most recent call last):
  File "/home/malyhin@noyabrsk.local/.local/lib/python3.11/site-packages/maxapi/dispatcher.py", line 611, in handle
    raise MiddlewareException(
maxapi.exceptions.dispatcher.MiddlewareException: MiddlewareException(middleware=_process_event, router_id=0, process=UpdateType.MESSAGE_CREATED | chat_id: 109867857, user_id: 13994310, context_keys=['data', 'state'], cause=HandlerException: HandlerException(handler=handle_message, router_id=0, process=UpdateType.MESSAGE_CREATED | chat_id: 109867857, user_id: 13994310, context_keys=['data', 'state'], cause=AttributeError: 'NoneType' object has no attribute 'get'))
2026-04-06 14:49:08,540 - asyncio - ERROR - Unclosed client session
client_session: <aiohttp.client.ClientSession object at 0x7f552d8f4410>
2026-04-06 14:49:10,276 - __main__ - INFO - ✅ Бот запущен
2026-04-06 14:49:10,401 - dispatcher - INFO - Бот: @nbrmessage_bot first_name=Увидел Надпись? Сообщи! id=106560023
2026-04-06 14:49:10,401 - dispatcher - INFO - Зарегистрировано 9 обработчиков событий
2026-04-06 14:49:47,028 - asyncio - ERROR - Unclosed client session
client_session: <aiohttp.client.ClientSession object at 0x7f6fbe4004d0>
2026-04-06 14:49:47,979 - __main__ - INFO - ✅ Бот запущен
2026-04-06 14:49:48,093 - dispatcher - INFO - Бот: @nbrmessage_bot first_name=Увидел Надпись? Сообщи! id=106560023
2026-04-06 14:49:48,093 - dispatcher - INFO - Зарегистрировано 9 обработчиков событий
2026-04-06 14:49:48,813 - asyncio - ERROR - Unclosed client session
client_session: <aiohttp.client.ClientSession object at 0x7f7b6cdf8510>
2026-04-06 14:49:59,022 - __main__ - INFO - ✅ Бот запущен
2026-04-06 14:49:59,142 - dispatcher - INFO - Бот: @nbrmessage_bot first_name=Увидел Надпись? Сообщи! id=106560023
2026-04-06 14:49:59,143 - dispatcher - INFO - Зарегистрировано 9 обработчиков событий
2026-04-06 14:50:04,301 - __main__ - INFO - 📦 Полный объект message: bot=<maxapi.bot.Bot object at 0x7f9e665de5d0> sender=User(user_id=13994310, first_name='Алексей', last_name='Малыхин', username=None, is_bot=False, last_activity_time=1775469001000, description=None, avatar_url=None, full_avatar_url=None, commands=None) recipient=Recipient(user_id=106560023, chat_id=109867857, chat_type=<ChatType.DIALOG: 'dialog'>) timestamp=1775469003978 link=None body=MessageBody(mid='mid.00000000068c7351019d623304ca4436', seq=116357136644719670, text='/ыефке', attachments=[], markup=[]) stat=None url=None
2026-04-06 14:50:04,301 - __main__ - INFO - 📨 Сообщение от 13994310: текст='/ыефке'
2026-04-06 14:50:04,301 - dispatcher - INFO - Обработано: router_id: 0 | UpdateType.MESSAGE_CREATED | chat_id: 109867857, user_id: 13994310
2026-04-06 14:50:08,600 - dispatcher - INFO - Обработано: router_id: 0 | UpdateType.MESSAGE_CREATED | chat_id: 109867857, user_id: 13994310
2026-04-06 14:50:10,964 - dispatcher - INFO - Обработано: router_id: 0 | UpdateType.MESSAGE_CALLBACK | chat_id: 109867857, user_id: 13994310
2026-04-06 14:50:17,489 - __main__ - INFO - 📦 Полный объект message: bot=<maxapi.bot.Bot object at 0x7f9e665de5d0> sender=User(user_id=13994310, first_name='Алексей', last_name='Малыхин', username=None, is_bot=False, last_activity_time=1775469017000, description=None, avatar_url=None, full_avatar_url=None, commands=None) recipient=Recipient(user_id=106560023, chat_id=109867857, chat_type=<ChatType.DIALOG: 'dialog'>) timestamp=1775469017249 link=None body=MessageBody(mid='mid.00000000068c7351019d623338a15872', seq=116357137514453106, text='', attachments=[Image(type='image', payload=PhotoAttachmentPayload(photo_id=11617114950, token='jX4sEF3CD6e4D4lY5UCl/9o8fwPvxdooQC4OjSa/sPhVLiNyzRb6pwVHnOrruN9scEhGA/g5B4UUpqviwQLQv3Bxr+49xFoMtv/N9RsCyIzuAxkJmrm8+oI+8SrTd4/+', url='https://i.oneme.ru/i?r=BTGBPUwtwgYUeoFhO7rESmr8WKL6dc7P4DdLgYcto8KkvHbiWYfhP9XHJrTEmTrEH9A'), bot=<maxapi.bot.Bot object at 0x7f9e665de5d0>)], markup=[]) stat=None url=None
2026-04-06 14:50:17,490 - __main__ - INFO - 📨 Сообщение от 13994310: текст='Нет'
2026-04-06 14:50:17,490 - __main__ - INFO - 📎 Вложений: 1
2026-04-06 14:50:17,490 - __main__ - INFO - 📎 Тип вложения: image
2026-04-06 14:50:17,490 - __main__ - INFO - 📷 Найден прямой URL
2026-04-06 14:50:17,490 - __main__ - INFO - ✅ Фото обработано
2026-04-06 14:50:17,490 - __main__ - INFO - 📤 Отправка в CRM: фото=1, гео=False
2026-04-06 14:50:17,525 - __main__ - INFO - ✅ Сообщение сохранено в CRM, ID: 27
2026-04-06 14:50:17,645 - dispatcher - INFO - Обработано: router_id: 0 | UpdateType.MESSAGE_CREATED | chat_id: 109867857, user_id: 13994310
2026-04-06 14:50:23,946 - dispatcher - INFO - Обработано: router_id: 0 | UpdateType.MESSAGE_CALLBACK | chat_id: 109867857, user_id: 13994310
2026-04-06 14:50:26,816 - __main__ - INFO - 📦 Полный объект message: bot=<maxapi.bot.Bot object at 0x7f9e665de5d0> sender=User(user_id=13994310, first_name='Алексей', last_name='Малыхин', username=None, is_bot=False, last_activity_time=1775469026000, description=None, avatar_url=None, full_avatar_url=None, commands=None) recipient=Recipient(user_id=106560023, chat_id=109867857, chat_type=<ChatType.DIALOG: 'dialog'>) timestamp=1775469026551 link=None body=MessageBody(mid='mid.00000000068c7351019d62335cf722e1', seq=116357138124055265, text='', attachments=[Location(type='location', payload=None, bot=<maxapi.bot.Bot object at 0x7f9e665de5d0>, latitude=63.20283126831055, longitude=75.45181274414062)], markup=[]) stat=None url=None
2026-04-06 14:50:26,816 - __main__ - INFO - 📨 Сообщение от 13994310: текст='Нет'
2026-04-06 14:50:26,816 - __main__ - INFO - 📎 Вложений: 1
2026-04-06 14:50:26,817 - __main__ - INFO - 📎 Тип вложения: location
2026-04-06 14:50:26,817 - __main__ - INFO - 📍 Геолокация: lat=63.20283126831055, lon=75.45181274414062
2026-04-06 14:50:26,817 - __main__ - INFO - 📤 Отправка в CRM: фото=0, гео=True
2026-04-06 14:50:26,835 - __main__ - INFO - ✅ Сообщение сохранено в CRM, ID: 28
2026-04-06 14:50:26,980 - dispatcher - INFO - Обработано: router_id: 0 | UpdateType.MESSAGE_CREATED | chat_id: 109867857, user_id: 13994310
2026-04-06 14:51:09,842 - dispatcher - INFO - Проигнорировано: router_id: 0 | UpdateType.BOT_STOPPED | chat_id: 109867857, user_id: 13994310
2026-04-06 14:51:11,308 - dispatcher - INFO - Обработано: router_id: 0 | UpdateType.BOT_STARTED | chat_id: 109867857, user_id: 13994310
2026-04-06 14:51:16,112 - dispatcher - INFO - Обработано: router_id: 0 | UpdateType.MESSAGE_CALLBACK | chat_id: 109867857, user_id: 13994310
2026-04-06 14:51:19,972 - dispatcher - INFO - Обработано: router_id: 0 | UpdateType.MESSAGE_CALLBACK | chat_id: 109867857, user_id: 13994310
2026-04-06 14:51:21,526 - dispatcher - INFO - Обработано: router_id: 0 | UpdateType.MESSAGE_CALLBACK | chat_id: 109867857, user_id: 13994310
2026-04-06 14:51:44,583 - __main__ - INFO - 📦 Полный объект message: bot=<maxapi.bot.Bot object at 0x7f9e665de5d0> sender=User(user_id=13994310, first_name='Алексей', last_name='Малыхин', username=None, is_bot=False, last_activity_time=1775469104000, description=None, avatar_url=None, full_avatar_url=None, commands=None) recipient=Recipient(user_id=106560023, chat_id=109867857, chat_type=<ChatType.DIALOG: 'dialog'>) timestamp=1775469104255 link=None body=MessageBody(mid='mid.00000000068c7351019d62348c7f0dbf', seq=116357143216459199, text='проверяем полностью работу, отправки фото  и сообщения к фото', attachments=[Image(type='image', payload=PhotoAttachmentPayload(photo_id=11617328198, token='JiRae1fHU2LWgfa8ZGuwODQkFlkn1QgO/1J4v48aI77d1QuijlUfph1Hraw/3Kt8q8vRPBQctFQNGqZ6kXtoFOebgPAj8oO31VT06Wv0Zao25IMiGAsYM9Ww6EiTguQT', url='https://i.oneme.ru/i?r=BTGBPUwtwgYUeoFhO7rESmr8fg6qzSZ2Z06Xbqo62N2As3biWYfhP9XHJrTEmTrEH9A'), bot=<maxapi.bot.Bot object at 0x7f9e665de5d0>), Image(type='image', payload=PhotoAttachmentPayload(photo_id=11617328454, token='MMWyD7rMb8NjgXrQNF76RuD+nlBl3mdhr0MLZaFSrfp2RfJ3YcHbQq4yZFk8BDTh1DirR2ubdvNADU/Xwt7HtHkNcIX+UYxu6wx/wteth/2IYomrQt/1pVNoqBLcit3F', url='https://i.oneme.ru/i?r=BTGBPUwtwgYUeoFhO7rESmr8WKL6dc7P4DdLgYcto8KkvHbiWYfhP9XHJrTEmTrEH9A'), bot=<maxapi.bot.Bot object at 0x7f9e665de5d0>)], markup=[]) stat=None url=None
2026-04-06 14:51:44,583 - __main__ - INFO - 📨 Сообщение от 13994310: текст='проверяем полностью работу, отправки фото  и сообщ'
2026-04-06 14:51:44,583 - __main__ - INFO - 📎 Вложений: 2
2026-04-06 14:51:44,583 - __main__ - INFO - 📎 Тип вложения: image
2026-04-06 14:51:44,583 - __main__ - INFO - 📷 Найден прямой URL
2026-04-06 14:51:44,583 - __main__ - INFO - ✅ Фото обработано
2026-04-06 14:51:44,584 - __main__ - INFO - 📎 Тип вложения: image
2026-04-06 14:51:44,584 - __main__ - INFO - 📷 Найден прямой URL
2026-04-06 14:51:44,584 - __main__ - INFO - ✅ Фото обработано
2026-04-06 14:51:44,584 - __main__ - INFO - 📤 Отправка в CRM: фото=2, гео=False
2026-04-06 14:51:44,618 - __main__ - INFO - ✅ Сообщение сохранено в CRM, ID: 29
2026-04-06 14:51:44,750 - dispatcher - INFO - Обработано: router_id: 0 | UpdateType.MESSAGE_CREATED | chat_id: 109867857, user_id: 13994310
2026-04-06 14:52:04,738 - dispatcher - INFO - Обработано: router_id: 0 | UpdateType.BOT_STARTED | chat_id: 109867857, user_id: 13994310
2026-04-06 14:52:08,765 - dispatcher - INFO - Обработано: router_id: 0 | UpdateType.MESSAGE_CALLBACK | chat_id: 109867857, user_id: 13994310
2026-04-06 14:52:12,732 - __main__ - INFO - 📦 Полный объект message: bot=<maxapi.bot.Bot object at 0x7f9e665de5d0> sender=User(user_id=13994310, first_name='Алексей', last_name='Малыхин', username=None, is_bot=False, last_activity_time=1775469126000, description=None, avatar_url=None, full_avatar_url=None, commands=None) recipient=Recipient(user_id=106560023, chat_id=109867857, chat_type=<ChatType.DIALOG: 'dialog'>) timestamp=1775469132553 link=None body=MessageBody(mid='mid.00000000068c7351019d6234fb0922e1', seq=116357145071002337, text='', attachments=[Location(type='location', payload=None, bot=<maxapi.bot.Bot object at 0x7f9e665de5d0>, latitude=63.20283126831055, longitude=75.45181274414062)], markup=[]) stat=None url=None
2026-04-06 14:52:12,732 - __main__ - INFO - 📨 Сообщение от 13994310: текст='Нет'
2026-04-06 14:52:12,732 - __main__ - INFO - 📎 Вложений: 1
2026-04-06 14:52:12,732 - __main__ - INFO - 📎 Тип вложения: location
2026-04-06 14:52:12,732 - __main__ - INFO - 📍 Геолокация: lat=63.20283126831055, lon=75.45181274414062
2026-04-06 14:52:12,732 - __main__ - INFO - 📤 Отправка в CRM: фото=0, гео=True
2026-04-06 14:52:12,785 - __main__ - INFO - ✅ Сообщение сохранено в CRM, ID: 30
2026-04-06 14:52:12,939 - dispatcher - INFO - Обработано: router_id: 0 | UpdateType.MESSAGE_CREATED | chat_id: 109867857, user_id: 13994310
2026-04-06 14:56:38,190 - asyncio - ERROR - Unclosed client session
client_session: <aiohttp.client.ClientSession object at 0x7f9e645f40d0>
2026-04-06 14:56:39,604 - __main__ - INFO - ✅ Бот запущен
2026-04-06 14:56:39,718 - dispatcher - INFO - Бот: @nbrmessage_bot first_name=Увидел Надпись? Сообщи! id=106560023
2026-04-06 14:56:39,718 - dispatcher - INFO - Зарегистрировано 9 обработчиков событий
2026-04-06 14:56:46,957 - dispatcher - INFO - Обработано: router_id: 0 | UpdateType.MESSAGE_CALLBACK | chat_id: 109867857, user_id: 13994310
2026-04-06 14:57:00,842 - __main__ - INFO - 📨 Сообщение от 13994310: текст='проверка работы отправки времени и даты'
2026-04-06 14:57:00,843 - __main__ - INFO - 🕐 Текущее время (Екатеринбург): 06.04.2026 14:57:00
2026-04-06 14:57:00,843 - __main__ - INFO - 📎 Вложений: 2
2026-04-06 14:57:00,843 - __main__ - INFO - 📎 Тип вложения: image
2026-04-06 14:57:00,843 - __main__ - INFO - 📷 Найден прямой URL
2026-04-06 14:57:00,843 - __main__ - INFO - ✅ Фото обработано
2026-04-06 14:57:00,843 - __main__ - INFO - 📎 Тип вложения: image
2026-04-06 14:57:00,843 - __main__ - INFO - 📷 Найден прямой URL
2026-04-06 14:57:00,843 - __main__ - INFO - ✅ Фото обработано
2026-04-06 14:57:00,843 - __main__ - INFO - 📤 Отправка в CRM: фото=2, гео=False
2026-04-06 14:57:00,843 - __main__ - INFO - 🕐 Время отправки: 06.04.2026 14:57:00
2026-04-06 14:57:00,865 - __main__ - INFO - ✅ Сообщение сохранено в CRM, ID: 31
2026-04-06 14:57:00,975 - dispatcher - INFO - Обработано: router_id: 0 | UpdateType.MESSAGE_CREATED | chat_id: 109867857, user_id: 13994310
2026-04-06 15:03:00,197 - dispatcher - INFO - Обработано: router_id: 0 | UpdateType.MESSAGE_CALLBACK | chat_id: 109867857, user_id: 13994310
2026-04-06 15:03:08,882 - __main__ - INFO - 📨 Сообщение от 13994310: текст='екыуеуекуваыаыв'
2026-04-06 15:03:08,882 - __main__ - INFO - 🕐 Текущее время (Екатеринбург): 06.04.2026 15:03:08
2026-04-06 15:03:08,882 - __main__ - INFO - 📎 Вложений: 2
2026-04-06 15:03:08,882 - __main__ - INFO - 📎 Тип вложения: image
2026-04-06 15:03:08,883 - __main__ - INFO - 📷 Найден прямой URL
2026-04-06 15:03:08,883 - __main__ - INFO - ✅ Фото обработано
2026-04-06 15:03:08,883 - __main__ - INFO - 📎 Тип вложения: image
2026-04-06 15:03:08,883 - __main__ - INFO - 📷 Найден прямой URL
2026-04-06 15:03:08,883 - __main__ - INFO - ✅ Фото обработано
2026-04-06 15:03:08,883 - __main__ - INFO - 📤 Отправка в CRM: фото=2, гео=False
2026-04-06 15:03:08,883 - __main__ - INFO - 🕐 Время отправки: 06.04.2026 15:03:08
2026-04-06 15:03:08,928 - __main__ - INFO - ✅ Сообщение сохранено в CRM, ID: 32
2026-04-06 15:03:09,051 - dispatcher - INFO - Обработано: router_id: 0 | UpdateType.MESSAGE_CREATED | chat_id: 109867857, user_id: 13994310
2026-04-06 15:05:42,403 - __main__ - INFO - 📨 Сообщение от 7572418: текст='Start'
2026-04-06 15:05:42,403 - __main__ - INFO - 🕐 Текущее время (Екатеринбург): 06.04.2026 15:05:42
2026-04-06 15:05:42,403 - __main__ - INFO - 📎 Вложений: 0
2026-04-06 15:05:42,403 - __main__ - INFO - 📤 Отправка в CRM: фото=0, гео=False
2026-04-06 15:05:42,403 - __main__ - INFO - 🕐 Время отправки: 06.04.2026 15:05:42
2026-04-06 15:05:42,406 - __main__ - ERROR - ❌ Ошибка отправки в CRM: Cannot connect to host localhost:6005 ssl:default [Multiple exceptions: [Errno 111] Connect call failed ('::1', 6005, 0, 0), [Errno 111] Connect call failed ('127.0.0.1', 6005)]
2026-04-06 15:05:42,534 - dispatcher - INFO - Обработано: router_id: 0 | UpdateType.MESSAGE_CREATED | chat_id: 103444949, user_id: 7572418
2026-04-06 15:05:45,965 - dispatcher - INFO - Обработано: router_id: 0 | UpdateType.MESSAGE_CALLBACK | chat_id: 103444949, user_id: 7572418
2026-04-06 15:05:56,137 - __main__ - INFO - 📨 Сообщение от 7572418: текст='Нет'
2026-04-06 15:05:56,137 - __main__ - INFO - 🕐 Текущее время (Екатеринбург): 06.04.2026 15:05:56
2026-04-06 15:05:56,137 - __main__ - INFO - 📎 Вложений: 1
2026-04-06 15:05:56,137 - __main__ - INFO - 📎 Тип вложения: location
2026-04-06 15:05:56,137 - __main__ - INFO - 📍 Геолокация: lat=63.202877044677734, lon=75.45138549804688
2026-04-06 15:05:56,137 - __main__ - INFO - 📤 Отправка в CRM: фото=0, гео=True
2026-04-06 15:05:56,137 - __main__ - INFO - 🕐 Время отправки: 06.04.2026 15:05:56
2026-04-06 15:05:56,141 - __main__ - ERROR - ❌ Ошибка отправки в CRM: Cannot connect to host localhost:6005 ssl:default [Multiple exceptions: [Errno 111] Connect call failed ('::1', 6005, 0, 0), [Errno 111] Connect call failed ('127.0.0.1', 6005)]
2026-04-06 15:05:56,265 - dispatcher - INFO - Обработано: router_id: 0 | UpdateType.MESSAGE_CREATED | chat_id: 103444949, user_id: 7572418
2026-04-06 15:06:18,571 - dispatcher - INFO - Обработано: router_id: 0 | UpdateType.MESSAGE_CALLBACK | chat_id: 103444949, user_id: 7572418
2026-04-06 15:06:21,854 - dispatcher - INFO - Обработано: router_id: 0 | UpdateType.MESSAGE_CALLBACK | chat_id: 103444949, user_id: 7572418
2026-04-06 15:06:22,692 - dispatcher - INFO - Обработано: router_id: 0 | UpdateType.MESSAGE_CALLBACK | chat_id: 103444949, user_id: 7572418
2026-04-06 15:06:26,554 - dispatcher - INFO - Обработано: router_id: 0 | UpdateType.MESSAGE_CALLBACK | chat_id: 103444949, user_id: 7572418
2026-04-06 15:06:35,834 - __main__ - INFO - 📨 Сообщение от 7572418: текст='Нет'
2026-04-06 15:06:35,835 - __main__ - INFO - 🕐 Текущее время (Екатеринбург): 06.04.2026 15:06:35
2026-04-06 15:06:35,835 - __main__ - INFO - 📎 Вложений: 1
2026-04-06 15:06:35,835 - __main__ - INFO - 📎 Тип вложения: image
2026-04-06 15:06:35,835 - __main__ - INFO - 📷 Найден прямой URL
2026-04-06 15:06:35,835 - __main__ - INFO - ✅ Фото обработано
2026-04-06 15:06:35,835 - __main__ - INFO - 📤 Отправка в CRM: фото=1, гео=False
2026-04-06 15:06:35,835 - __main__ - INFO - 🕐 Время отправки: 06.04.2026 15:06:35
2026-04-06 15:06:35,838 - __main__ - ERROR - ❌ Ошибка отправки в CRM: Cannot connect to host localhost:6005 ssl:default [Multiple exceptions: [Errno 111] Connect call failed ('::1', 6005, 0, 0), [Errno 111] Connect call failed ('127.0.0.1', 6005)]
2026-04-06 15:06:35,985 - dispatcher - INFO - Обработано: router_id: 0 | UpdateType.MESSAGE_CREATED | chat_id: 103444949, user_id: 7572418
2026-04-06 15:06:44,273 - dispatcher - INFO - Обработано: router_id: 0 | UpdateType.MESSAGE_CALLBACK | chat_id: 103444949, user_id: 7572418
2026-04-06 15:06:50,970 - __main__ - INFO - 📨 Сообщение от 7572418: текст='Нет'
2026-04-06 15:06:50,970 - __main__ - INFO - 🕐 Текущее время (Екатеринбург): 06.04.2026 15:06:50
2026-04-06 15:06:50,970 - __main__ - INFO - 📎 Вложений: 1
2026-04-06 15:06:50,970 - __main__ - INFO - 📎 Тип вложения: location
2026-04-06 15:06:50,970 - __main__ - INFO - 📍 Геолокация: lat=63.202877044677734, lon=75.45138549804688
2026-04-06 15:06:50,970 - __main__ - INFO - 📤 Отправка в CRM: фото=0, гео=True
2026-04-06 15:06:50,970 - __main__ - INFO - 🕐 Время отправки: 06.04.2026 15:06:50
2026-04-06 15:06:51,011 - __main__ - INFO - ✅ Сообщение сохранено в CRM, ID: 33
2026-04-06 15:06:51,136 - dispatcher - INFO - Обработано: router_id: 0 | UpdateType.MESSAGE_CREATED | chat_id: 103444949, user_id: 7572418
2026-04-06 15:07:12,725 - asyncio - ERROR - Unclosed client session
client_session: <aiohttp.client.ClientSession object at 0x7f76261ec710>
2026-04-06 15:07:13,973 - __main__ - INFO - ✅ Бот запущен
2026-04-06 15:07:14,104 - dispatcher - INFO - Бот: @nbrmessage_bot first_name=Увидел Надпись? Сообщи! id=106560023
2026-04-06 15:07:14,105 - dispatcher - INFO - Зарегистрировано 9 обработчиков событий
2026-04-06 15:08:19,782 - dispatcher - INFO - Обработано: router_id: 0 | UpdateType.MESSAGE_CALLBACK | chat_id: 109867857, user_id: 13994310
2026-04-06 15:08:22,603 - __main__ - INFO - 📨 Сообщение от 13994310: текст='Нет'
2026-04-06 15:08:22,604 - __main__ - INFO - 🕐 Текущее время (Екатеринбург): 06.04.2026 15:08:22
2026-04-06 15:08:22,604 - __main__ - INFO - 📎 Вложений: 1
2026-04-06 15:08:22,605 - __main__ - INFO - 📎 Тип вложения: location
2026-04-06 15:08:22,605 - __main__ - INFO - 📍 Геолокация: lat=63.20280838012695, lon=75.45183563232422
2026-04-06 15:08:22,605 - __main__ - INFO - 📤 Отправка в CRM: фото=0, гео=True
2026-04-06 15:08:22,605 - __main__ - INFO - 🕐 Время отправки: 06.04.2026 15:08:22
2026-04-06 15:08:22,651 - __main__ - INFO - ✅ Сообщение сохранено в CRM, ID: 34
2026-04-06 15:08:22,790 - dispatcher - INFO - Обработано: router_id: 0 | UpdateType.MESSAGE_CREATED | chat_id: 109867857, user_id: 13994310
2026-04-06 15:11:45,860 - dispatcher - INFO - Обработано: router_id: 0 | UpdateType.MESSAGE_CALLBACK | chat_id: 109867857, user_id: 13994310
2026-04-06 15:11:56,663 - __main__ - INFO - 📨 Сообщение от 13994310: текст='ывывывфывыф'
2026-04-06 15:11:56,663 - __main__ - INFO - 🕐 Текущее время (Екатеринбург): 06.04.2026 15:11:56
2026-04-06 15:11:56,663 - __main__ - INFO - 📎 Вложений: 3
2026-04-06 15:11:56,663 - __main__ - INFO - 📎 Тип вложения: image
2026-04-06 15:11:56,663 - __main__ - INFO - 📷 Найден прямой URL
2026-04-06 15:11:56,663 - __main__ - INFO - ✅ Фото обработано
2026-04-06 15:11:56,663 - __main__ - INFO - 📎 Тип вложения: image
2026-04-06 15:11:56,663 - __main__ - INFO - 📷 Найден прямой URL
2026-04-06 15:11:56,663 - __main__ - INFO - ✅ Фото обработано
2026-04-06 15:11:56,663 - __main__ - INFO - 📎 Тип вложения: image
2026-04-06 15:11:56,664 - __main__ - INFO - 📷 Найден прямой URL
2026-04-06 15:11:56,664 - __main__ - INFO - ✅ Фото обработано
2026-04-06 15:11:56,664 - __main__ - INFO - 📤 Отправка в CRM: фото=3, гео=False
2026-04-06 15:11:56,664 - __main__ - INFO - 🕐 Время отправки: 06.04.2026 15:11:56
2026-04-06 15:11:56,706 - __main__ - INFO - ✅ Сообщение сохранено в CRM, ID: 35
2026-04-06 15:11:56,815 - dispatcher - INFO - Обработано: router_id: 0 | UpdateType.MESSAGE_CREATED | chat_id: 109867857, user_id: 13994310
2026-04-06 15:12:24,108 - __main__ - INFO - 📨 Сообщение от 7572418: текст='Нет'
2026-04-06 15:12:24,108 - __main__ - INFO - 🕐 Текущее время (Екатеринбург): 06.04.2026 15:12:24
2026-04-06 15:12:24,108 - __main__ - INFO - 📎 Вложений: 6
2026-04-06 15:12:24,108 - __main__ - INFO - 📎 Тип вложения: image
2026-04-06 15:12:24,108 - __main__ - INFO - 📷 Найден прямой URL
2026-04-06 15:12:24,108 - __main__ - INFO - ✅ Фото обработано
2026-04-06 15:12:24,108 - __main__ - INFO - 📎 Тип вложения: image
2026-04-06 15:12:24,108 - __main__ - INFO - 📷 Найден прямой URL
2026-04-06 15:12:24,108 - __main__ - INFO - ✅ Фото обработано
2026-04-06 15:12:24,108 - __main__ - INFO - 📎 Тип вложения: image
2026-04-06 15:12:24,109 - __main__ - INFO - 📷 Найден прямой URL
2026-04-06 15:12:24,109 - __main__ - INFO - ✅ Фото обработано
2026-04-06 15:12:24,109 - __main__ - INFO - 📎 Тип вложения: image
2026-04-06 15:12:24,109 - __main__ - INFO - 📷 Найден прямой URL
2026-04-06 15:12:24,109 - __main__ - INFO - ✅ Фото обработано
2026-04-06 15:12:24,109 - __main__ - INFO - 📎 Тип вложения: image
2026-04-06 15:12:24,109 - __main__ - INFO - 📷 Найден прямой URL
2026-04-06 15:12:24,109 - __main__ - INFO - ✅ Фото обработано
2026-04-06 15:12:24,109 - __main__ - INFO - 📎 Тип вложения: image
2026-04-06 15:12:24,109 - __main__ - INFO - 📷 Найден прямой URL
2026-04-06 15:12:24,109 - __main__ - INFO - ✅ Фото обработано
2026-04-06 15:12:24,109 - __main__ - INFO - 📤 Отправка в CRM: фото=6, гео=False
2026-04-06 15:12:24,109 - __main__ - INFO - 🕐 Время отправки: 06.04.2026 15:12:24
2026-04-06 15:12:24,165 - __main__ - INFO - ✅ Сообщение сохранено в CRM, ID: 36
2026-04-06 15:12:24,293 - dispatcher - INFO - Обработано: router_id: 0 | UpdateType.MESSAGE_CREATED | chat_id: 103444949, user_id: 7572418
2026-04-06 15:33:17,591 - dispatcher - INFO - Обработано: router_id: 0 | UpdateType.MESSAGE_CALLBACK | chat_id: 109867857, user_id: 13994310
2026-04-06 15:33:22,195 - __main__ - INFO - 📨 Сообщение от 13994310: текст='Нет'
2026-04-06 15:33:22,196 - __main__ - INFO - 🕐 Текущее время (Екатеринбург): 06.04.2026 15:33:22
2026-04-06 15:33:22,196 - __main__ - INFO - 📎 Вложений: 4
2026-04-06 15:33:22,196 - __main__ - INFO - 📎 Тип вложения: image
2026-04-06 15:33:22,196 - __main__ - INFO - 📷 Найден прямой URL
2026-04-06 15:33:22,196 - __main__ - INFO - ✅ Фото обработано
2026-04-06 15:33:22,196 - __main__ - INFO - 📎 Тип вложения: image
2026-04-06 15:33:22,196 - __main__ - INFO - 📷 Найден прямой URL
2026-04-06 15:33:22,196 - __main__ - INFO - ✅ Фото обработано
2026-04-06 15:33:22,196 - __main__ - INFO - 📎 Тип вложения: image
2026-04-06 15:33:22,196 - __main__ - INFO - 📷 Найден прямой URL
2026-04-06 15:33:22,196 - __main__ - INFO - ✅ Фото обработано
2026-04-06 15:33:22,196 - __main__ - INFO - 📎 Тип вложения: image
2026-04-06 15:33:22,196 - __main__ - INFO - 📷 Найден прямой URL
2026-04-06 15:33:22,197 - __main__ - INFO - ✅ Фото обработано
2026-04-06 15:33:22,197 - __main__ - INFO - 📤 Отправка в CRM: фото=4, гео=False
2026-04-06 15:33:22,197 - __main__ - INFO - 🕐 Время отправки: 06.04.2026 15:33:22
2026-04-06 15:33:22,259 - __main__ - ERROR - ❌ Ошибка CRM: 500
2026-04-06 15:33:22,384 - dispatcher - INFO - Обработано: router_id: 0 | UpdateType.MESSAGE_CREATED | chat_id: 109867857, user_id: 13994310
2026-04-06 15:35:02,256 - dispatcher - INFO - Обработано: router_id: 0 | UpdateType.MESSAGE_CALLBACK | chat_id: 109867857, user_id: 13994310
2026-04-06 15:35:09,888 - __main__ - INFO - 📨 Сообщение от 13994310: текст='Нет'
2026-04-06 15:35:09,888 - __main__ - INFO - 🕐 Текущее время (Екатеринбург): 06.04.2026 15:35:09
2026-04-06 15:35:09,889 - __main__ - INFO - 📎 Вложений: 4
2026-04-06 15:35:09,889 - __main__ - INFO - 📎 Тип вложения: image
2026-04-06 15:35:09,889 - __main__ - INFO - 📷 Найден прямой URL
2026-04-06 15:35:09,889 - __main__ - INFO - ✅ Фото обработано
2026-04-06 15:35:09,889 - __main__ - INFO - 📎 Тип вложения: image
2026-04-06 15:35:09,889 - __main__ - INFO - 📷 Найден прямой URL
2026-04-06 15:35:09,889 - __main__ - INFO - ✅ Фото обработано
2026-04-06 15:35:09,889 - __main__ - INFO - 📎 Тип вложения: image
2026-04-06 15:35:09,889 - __main__ - INFO - 📷 Найден прямой URL
2026-04-06 15:35:09,889 - __main__ - INFO - ✅ Фото обработано
2026-04-06 15:35:09,889 - __main__ - INFO - 📎 Тип вложения: image
2026-04-06 15:35:09,889 - __main__ - INFO - 📷 Найден прямой URL
2026-04-06 15:35:09,889 - __main__ - INFO - ✅ Фото обработано
2026-04-06 15:35:09,889 - __main__ - INFO - 📤 Отправка в CRM: фото=4, гео=False
2026-04-06 15:35:09,889 - __main__ - INFO - 🕐 Время отправки: 06.04.2026 15:35:09
2026-04-06 15:35:09,950 - __main__ - ERROR - ❌ Ошибка CRM: 500
2026-04-06 15:35:10,055 - dispatcher - INFO - Обработано: router_id: 0 | UpdateType.MESSAGE_CREATED | chat_id: 109867857, user_id: 13994310
2026-04-06 15:35:54,180 - dispatcher - INFO - Обработано: router_id: 0 | UpdateType.MESSAGE_CALLBACK | chat_id: 109867857, user_id: 13994310
2026-04-06 15:36:00,983 - __main__ - INFO - 📨 Сообщение от 13994310: текст='Нет'
2026-04-06 15:36:00,983 - __main__ - INFO - 🕐 Текущее время (Екатеринбург): 06.04.2026 15:36:00
2026-04-06 15:36:00,983 - __main__ - INFO - 📎 Вложений: 2
2026-04-06 15:36:00,983 - __main__ - INFO - 📎 Тип вложения: image
2026-04-06 15:36:00,983 - __main__ - INFO - 📷 Найден прямой URL
2026-04-06 15:36:00,983 - __main__ - INFO - ✅ Фото обработано
2026-04-06 15:36:00,983 - __main__ - INFO - 📎 Тип вложения: image
2026-04-06 15:36:00,983 - __main__ - INFO - 📷 Найден прямой URL
2026-04-06 15:36:00,983 - __main__ - INFO - ✅ Фото обработано
2026-04-06 15:36:00,983 - __main__ - INFO - 📤 Отправка в CRM: фото=2, гео=False
2026-04-06 15:36:00,983 - __main__ - INFO - 🕐 Время отправки: 06.04.2026 15:36:00
2026-04-06 15:36:01,045 - __main__ - INFO - ✅ Сообщение сохранено в CRM, ID: 40
2026-04-06 15:36:01,418 - dispatcher - INFO - Обработано: router_id: 0 | UpdateType.MESSAGE_CREATED | chat_id: 109867857, user_id: 13994310
2026-04-06 15:46:12,368 - dispatcher - INFO - Обработано: router_id: 0 | UpdateType.MESSAGE_CREATED | chat_id: 114801759, user_id: 9324104
2026-04-06 15:46:54,788 - dispatcher - INFO - Проигнорировано: router_id: 0 | UpdateType.BOT_STOPPED | chat_id: 114801759, user_id: 9324104
2026-04-06 15:46:58,996 - __main__ - INFO - 📨 Сообщение от 26919939: текст='7'
2026-04-06 15:46:58,996 - __main__ - INFO - 🕐 Текущее время (Екатеринбург): 06.04.2026 15:46:58
2026-04-06 15:46:58,996 - __main__ - INFO - 📎 Вложений: 0
2026-04-06 15:46:58,996 - __main__ - INFO - 📤 Отправка в CRM: фото=0, гео=False
2026-04-06 15:46:58,996 - __main__ - INFO - 🕐 Время отправки: 06.04.2026 15:46:58
2026-04-06 15:46:59,025 - __main__ - INFO - ✅ Сообщение сохранено в CRM, ID: 41
2026-04-06 15:46:59,133 - dispatcher - INFO - Обработано: router_id: 0 | UpdateType.MESSAGE_CREATED | chat_id: 130235924, user_id: 26919939
2026-04-06 15:47:03,930 - dispatcher - INFO - Обработано: router_id: 0 | UpdateType.BOT_STARTED | chat_id: 114801759, user_id: 9324104
2026-04-06 15:47:13,938 - dispatcher - INFO - Обработано: router_id: 0 | UpdateType.MESSAGE_CALLBACK | chat_id: 130235924, user_id: 26919939
2026-04-06 15:47:27,094 - dispatcher - INFO - Обработано: router_id: 0 | UpdateType.MESSAGE_CALLBACK | chat_id: 114801759, user_id: 9324104
2026-04-06 15:47:29,217 - __main__ - INFO - 📨 Сообщение от 26919939: текст='Нет'
2026-04-06 15:47:29,218 - __main__ - INFO - 🕐 Текущее время (Екатеринбург): 06.04.2026 15:47:29
2026-04-06 15:47:29,218 - __main__ - INFO - 📎 Вложений: 1
2026-04-06 15:47:29,218 - __main__ - INFO - 📎 Тип вложения: location
2026-04-06 15:47:29,218 - __main__ - INFO - 📍 Геолокация: lat=0.0, lon=0.0
2026-04-06 15:47:29,326 - dispatcher - INFO - Обработано: router_id: 0 | UpdateType.MESSAGE_CREATED | chat_id: 130235924, user_id: 26919939
2026-04-06 15:47:38,730 - dispatcher - INFO - Обработано: router_id: 0 | UpdateType.MESSAGE_CALLBACK | chat_id: 130235924, user_id: 26919939
2026-04-06 15:47:50,743 - __main__ - INFO - 📨 Сообщение от 9324104: текст='Нет'
2026-04-06 15:47:50,743 - __main__ - INFO - 🕐 Текущее время (Екатеринбург): 06.04.2026 15:47:50
2026-04-06 15:47:50,743 - __main__ - INFO - 📎 Вложений: 1
2026-04-06 15:47:50,743 - __main__ - INFO - 📎 Тип вложения: location
2026-04-06 15:47:50,743 - __main__ - INFO - 📍 Геолокация: lat=63.19969940185547, lon=75.4493179321289
2026-04-06 15:47:50,743 - __main__ - INFO - 📤 Отправка в CRM: фото=0, гео=True
2026-04-06 15:47:50,743 - __main__ - INFO - 🕐 Время отправки: 06.04.2026 15:47:50
2026-04-06 15:47:50,775 - __main__ - INFO - ✅ Сообщение сохранено в CRM, ID: 42
2026-04-06 15:47:50,877 - dispatcher - INFO - Обработано: router_id: 0 | UpdateType.MESSAGE_CREATED | chat_id: 114801759, user_id: 9324104
2026-04-06 15:48:02,330 - dispatcher - INFO - Обработано: router_id: 0 | UpdateType.MESSAGE_CALLBACK | chat_id: 114801759, user_id: 9324104
2026-04-06 15:48:08,735 - __main__ - INFO - 📨 Сообщение от 26919939: текст='Нет'
2026-04-06 15:48:08,735 - __main__ - INFO - 🕐 Текущее время (Екатеринбург): 06.04.2026 15:48:08
2026-04-06 15:48:08,735 - __main__ - INFO - 📎 Вложений: 1
2026-04-06 15:48:08,735 - __main__ - INFO - 📎 Тип вложения: location
2026-04-06 15:48:08,735 - __main__ - INFO - 📍 Геолокация: lat=68.57109832763672, lon=69.88206481933594
2026-04-06 15:48:08,735 - __main__ - INFO - 📤 Отправка в CRM: фото=0, гео=True
2026-04-06 15:48:08,735 - __main__ - INFO - 🕐 Время отправки: 06.04.2026 15:48:08
2026-04-06 15:48:08,770 - __main__ - INFO - ✅ Сообщение сохранено в CRM, ID: 43
2026-04-06 15:48:08,875 - dispatcher - INFO - Обработано: router_id: 0 | UpdateType.MESSAGE_CREATED | chat_id: 130235924, user_id: 26919939
2026-04-06 15:48:16,488 - __main__ - INFO - 📨 Сообщение от 9324104: текст='Нет'
2026-04-06 15:48:16,489 - __main__ - INFO - 🕐 Текущее время (Екатеринбург): 06.04.2026 15:48:16
2026-04-06 15:48:16,489 - __main__ - INFO - 📎 Вложений: 1
2026-04-06 15:48:16,489 - __main__ - INFO - 📎 Тип вложения: image
2026-04-06 15:48:16,489 - __main__ - INFO - 📷 Найден прямой URL
2026-04-06 15:48:16,489 - __main__ - INFO - ✅ Фото обработано
2026-04-06 15:48:16,489 - __main__ - INFO - 📤 Отправка в CRM: фото=1, гео=False
2026-04-06 15:48:16,489 - __main__ - INFO - 🕐 Время отправки: 06.04.2026 15:48:16
2026-04-06 15:48:16,538 - __main__ - INFO - ✅ Сообщение сохранено в CRM, ID: 44
2026-04-06 15:48:16,666 - dispatcher - INFO - Обработано: router_id: 0 | UpdateType.MESSAGE_CREATED | chat_id: 114801759, user_id: 9324104
2026-04-06 15:48:26,347 - dispatcher - INFO - Обработано: router_id: 0 | UpdateType.MESSAGE_CALLBACK | chat_id: 130235924, user_id: 26919939
2026-04-06 15:48:35,016 - __main__ - INFO - 📨 Сообщение от 26919939: текст='Нет'
2026-04-06 15:48:35,016 - __main__ - INFO - 🕐 Текущее время (Екатеринбург): 06.04.2026 15:48:35
2026-04-06 15:48:35,016 - __main__ - INFO - 📎 Вложений: 1
2026-04-06 15:48:35,016 - __main__ - INFO - 📎 Тип вложения: location
2026-04-06 15:48:35,016 - __main__ - INFO - 📍 Геолокация: lat=0.0, lon=0.0
2026-04-06 15:48:35,120 - dispatcher - INFO - Обработано: router_id: 0 | UpdateType.MESSAGE_CREATED | chat_id: 130235924, user_id: 26919939
2026-04-06 15:49:11,191 - dispatcher - INFO - Обработано: router_id: 0 | UpdateType.MESSAGE_CALLBACK | chat_id: 130235924, user_id: 26919939
2026-04-06 15:49:31,081 - dispatcher - INFO - Обработано: router_id: 0 | UpdateType.BOT_STARTED | chat_id: 89731943, user_id: 50383216
2026-04-06 15:49:37,251 - dispatcher - INFO - Обработано: router_id: 0 | UpdateType.MESSAGE_CALLBACK | chat_id: 89731943, user_id: 50383216
2026-04-06 15:50:00,268 - dispatcher - INFO - Проигнорировано: router_id: 0 | UpdateType.BOT_STOPPED | chat_id: 130235924, user_id: 26919939
2026-04-06 15:50:01,428 - dispatcher - INFO - Обработано: router_id: 0 | UpdateType.BOT_STARTED | chat_id: 130235924, user_id: 26919939
2026-04-06 15:50:03,504 - dispatcher - INFO - Обработано: router_id: 0 | UpdateType.MESSAGE_CALLBACK | chat_id: 130235924, user_id: 26919939
2026-04-06 15:50:06,423 - dispatcher - INFO - Обработано: router_id: 0 | UpdateType.MESSAGE_CALLBACK | chat_id: 89731943, user_id: 50383216
2026-04-06 15:50:13,256 - __main__ - INFO - 📨 Сообщение от 50383216: текст='Нет'
2026-04-06 15:50:13,257 - __main__ - INFO - 🕐 Текущее время (Екатеринбург): 06.04.2026 15:50:13
2026-04-06 15:50:13,257 - __main__ - INFO - 📎 Вложений: 1
2026-04-06 15:50:13,257 - __main__ - INFO - 📎 Тип вложения: location
2026-04-06 15:50:13,257 - __main__ - INFO - 📍 Геолокация: lat=63.202903747558594, lon=75.45175170898438
2026-04-06 15:50:13,257 - __main__ - INFO - 📤 Отправка в CRM: фото=0, гео=True
2026-04-06 15:50:13,257 - __main__ - INFO - 🕐 Время отправки: 06.04.2026 15:50:13
2026-04-06 15:50:13,283 - __main__ - INFO - ✅ Сообщение сохранено в CRM, ID: 45
2026-04-06 15:50:13,408 - dispatcher - INFO - Обработано: router_id: 0 | UpdateType.MESSAGE_CREATED | chat_id: 89731943, user_id: 50383216
2026-04-06 15:52:52,180 - __main__ - INFO - 📨 Сообщение от 50383216: текст='Нет'
2026-04-06 15:52:52,181 - __main__ - INFO - 🕐 Текущее время (Екатеринбург): 06.04.2026 15:52:52
2026-04-06 15:52:52,181 - __main__ - INFO - 📎 Вложений: 1
2026-04-06 15:52:52,181 - __main__ - INFO - 📎 Тип вложения: image
2026-04-06 15:52:52,181 - __main__ - INFO - 📷 Найден прямой URL
2026-04-06 15:52:52,181 - __main__ - INFO - ✅ Фото обработано
2026-04-06 15:52:52,181 - __main__ - INFO - 📤 Отправка в CRM: фото=1, гео=False
2026-04-06 15:52:52,181 - __main__ - INFO - 🕐 Время отправки: 06.04.2026 15:52:52
2026-04-06 15:52:52,197 - __main__ - INFO - ✅ Сообщение сохранено в CRM, ID: 46
2026-04-06 15:52:52,305 - dispatcher - INFO - Обработано: router_id: 0 | UpdateType.MESSAGE_CREATED | chat_id: 89731943, user_id: 50383216
2026-04-06 15:54:37,531 - dispatcher - INFO - Обработано: router_id: 0 | UpdateType.MESSAGE_CALLBACK | chat_id: 89731943, user_id: 50383216
2026-04-06 15:54:42,314 - dispatcher - INFO - Обработано: router_id: 0 | UpdateType.MESSAGE_CALLBACK | chat_id: 89731943, user_id: 50383216
2026-04-06 15:54:47,414 - asyncio - ERROR - Unclosed client session
client_session: <aiohttp.client.ClientSession object at 0x7efcc15f8dd0>
2026-04-06 15:54:48,441 - __main__ - INFO - ✅ Бот запущен
2026-04-06 15:54:48,607 - dispatcher - INFO - Бот: @nbrmessage_bot first_name=Увидел Надпись? Сообщи! id=106560023
2026-04-06 15:54:48,608 - dispatcher - INFO - Зарегистрировано 13 обработчиков событий
2026-04-06 15:55:01,260 - dispatcher - INFO - Обработано: router_id: 0 | UpdateType.MESSAGE_CREATED | chat_id: 109867857, user_id: 13994310
2026-04-06 15:55:06,822 - dispatcher - INFO - Обработано: router_id: 0 | UpdateType.MESSAGE_CALLBACK | chat_id: 109867857, user_id: 13994310
2026-04-06 15:55:15,237 - __main__ - INFO - 📷 Добавлено фото, всего: 1
2026-04-06 15:55:15,364 - dispatcher - INFO - Обработано: router_id: 0 | UpdateType.MESSAGE_CREATED | chat_id: 109867857, user_id: 13994310
2026-04-06 15:55:18,077 - __main__ - INFO - 📷 Добавлено фото, всего: 1
2026-04-06 15:55:18,179 - dispatcher - INFO - Обработано: router_id: 0 | UpdateType.MESSAGE_CREATED | chat_id: 89731943, user_id: 50383216
2026-04-06 15:55:23,485 - dispatcher - INFO - Обработано: router_id: 0 | UpdateType.MESSAGE_CALLBACK | chat_id: 89731943, user_id: 50383216
2026-04-06 15:55:23,734 - __main__ - INFO - 📍 Добавлена геолокация: 63.20279312133789, 75.45183563232422
2026-04-06 15:55:23,854 - dispatcher - INFO - Обработано: router_id: 0 | UpdateType.MESSAGE_CREATED | chat_id: 109867857, user_id: 13994310
2026-04-06 15:55:28,053 - __main__ - INFO - 📍 Добавлена геолокация: 63.202850341796875, 75.45184326171875
2026-04-06 15:55:28,184 - dispatcher - INFO - Обработано: router_id: 0 | UpdateType.MESSAGE_CREATED | chat_id: 89731943, user_id: 50383216
2026-04-06 15:55:31,074 - __main__ - INFO - 📝 Добавлен текст: Проверка...
2026-04-06 15:55:31,178 - dispatcher - INFO - Обработано: router_id: 0 | UpdateType.MESSAGE_CREATED | chat_id: 109867857, user_id: 13994310
2026-04-06 15:55:36,591 - __main__ - INFO - ✅ Сообщение сохранено в CRM, ID: 47
2026-04-06 15:55:36,592 - dispatcher - ERROR - Ошибка при обработке события: router_id: 0 | UpdateType.MESSAGE_CALLBACK | chat_id: 89731943, user_id: 50383216 | MiddlewareException(middleware=_process_event, router_id=0, process=UpdateType.MESSAGE_CALLBACK | chat_id: 89731943, user_id: 50383216, context_keys=['data', 'state'], cause=HandlerException: HandlerException(handler=callback_send_all, router_id=0, process=UpdateType.MESSAGE_CALLBACK | chat_id: 89731943, user_id: 50383216, context_keys=['data', 'state'], cause=TypeError: MessageCallback.answer() got an unexpected keyword argument 'show_alert')) 
Traceback (most recent call last):
  File "/home/malyhin@noyabrsk.local/.local/lib/python3.11/site-packages/maxapi/dispatcher.py", line 465, in _execute_handler
    await handler_chain(event, kwargs_filtered)
  File "/home/malyhin@noyabrsk.local/.local/lib/python3.11/site-packages/maxapi/dispatcher.py", line 312, in call_handler
    await handler.func_event(event_object)
  File "/home/malyhin@noyabrsk.local/trapping_v2/bot_py/bot.py", line 376, in callback_send_all
    await event.answer(notification="✅ Сообщение отправлено!", show_alert=True)
          ^^^^^^^^^^^^^^^^^^^^^^^^^^^^^^^^^^^^^^^^^^^^^^^^^^^^^^^^^^^^^^^^^^^^^^
TypeError: MessageCallback.answer() got an unexpected keyword argument 'show_alert'

The above exception was the direct cause of the following exception:

Traceback (most recent call last):
  File "/home/malyhin@noyabrsk.local/.local/lib/python3.11/site-packages/maxapi/dispatcher.py", line 598, in handle
    await global_chain(event_object, kwargs)
  File "/home/malyhin@noyabrsk.local/.local/lib/python3.11/site-packages/maxapi/dispatcher.py", line 591, in _process_event
    await _process_handlers(event_object, data)
  File "/home/malyhin@noyabrsk.local/.local/lib/python3.11/site-packages/maxapi/dispatcher.py", line 566, in _process_handlers
    await self._execute_handler(
  File "/home/malyhin@noyabrsk.local/.local/lib/python3.11/site-packages/maxapi/dispatcher.py", line 468, in _execute_handler
    raise HandlerException(
maxapi.exceptions.dispatcher.HandlerException: HandlerException(handler=callback_send_all, router_id=0, process=UpdateType.MESSAGE_CALLBACK | chat_id: 89731943, user_id: 50383216, context_keys=['data', 'state'], cause=TypeError: MessageCallback.answer() got an unexpected keyword argument 'show_alert')

The above exception was the direct cause of the following exception:

Traceback (most recent call last):
  File "/home/malyhin@noyabrsk.local/.local/lib/python3.11/site-packages/maxapi/dispatcher.py", line 611, in handle
    raise MiddlewareException(
maxapi.exceptions.dispatcher.MiddlewareException: MiddlewareException(middleware=_process_event, router_id=0, process=UpdateType.MESSAGE_CALLBACK | chat_id: 89731943, user_id: 50383216, context_keys=['data', 'state'], cause=HandlerException: HandlerException(handler=callback_send_all, router_id=0, process=UpdateType.MESSAGE_CALLBACK | chat_id: 89731943, user_id: 50383216, context_keys=['data', 'state'], cause=TypeError: MessageCallback.answer() got an unexpected keyword argument 'show_alert'))
2026-04-06 15:55:37,320 - __main__ - INFO - ✅ Сообщение сохранено в CRM, ID: 48
2026-04-06 15:55:37,320 - dispatcher - ERROR - Ошибка при обработке события: router_id: 0 | UpdateType.MESSAGE_CALLBACK | chat_id: 109867857, user_id: 13994310 | MiddlewareException(middleware=_process_event, router_id=0, process=UpdateType.MESSAGE_CALLBACK | chat_id: 109867857, user_id: 13994310, context_keys=['data', 'state'], cause=HandlerException: HandlerException(handler=callback_send_all, router_id=0, process=UpdateType.MESSAGE_CALLBACK | chat_id: 109867857, user_id: 13994310, context_keys=['data', 'state'], cause=TypeError: MessageCallback.answer() got an unexpected keyword argument 'show_alert')) 
Traceback (most recent call last):
  File "/home/malyhin@noyabrsk.local/.local/lib/python3.11/site-packages/maxapi/dispatcher.py", line 465, in _execute_handler
    await handler_chain(event, kwargs_filtered)
  File "/home/malyhin@noyabrsk.local/.local/lib/python3.11/site-packages/maxapi/dispatcher.py", line 312, in call_handler
    await handler.func_event(event_object)
  File "/home/malyhin@noyabrsk.local/trapping_v2/bot_py/bot.py", line 376, in callback_send_all
    await event.answer(notification="✅ Сообщение отправлено!", show_alert=True)
          ^^^^^^^^^^^^^^^^^^^^^^^^^^^^^^^^^^^^^^^^^^^^^^^^^^^^^^^^^^^^^^^^^^^^^^
TypeError: MessageCallback.answer() got an unexpected keyword argument 'show_alert'

The above exception was the direct cause of the following exception:

Traceback (most recent call last):
  File "/home/malyhin@noyabrsk.local/.local/lib/python3.11/site-packages/maxapi/dispatcher.py", line 598, in handle
    await global_chain(event_object, kwargs)
  File "/home/malyhin@noyabrsk.local/.local/lib/python3.11/site-packages/maxapi/dispatcher.py", line 591, in _process_event
    await _process_handlers(event_object, data)
  File "/home/malyhin@noyabrsk.local/.local/lib/python3.11/site-packages/maxapi/dispatcher.py", line 566, in _process_handlers
    await self._execute_handler(
  File "/home/malyhin@noyabrsk.local/.local/lib/python3.11/site-packages/maxapi/dispatcher.py", line 468, in _execute_handler
    raise HandlerException(
maxapi.exceptions.dispatcher.HandlerException: HandlerException(handler=callback_send_all, router_id=0, process=UpdateType.MESSAGE_CALLBACK | chat_id: 109867857, user_id: 13994310, context_keys=['data', 'state'], cause=TypeError: MessageCallback.answer() got an unexpected keyword argument 'show_alert')

The above exception was the direct cause of the following exception:

Traceback (most recent call last):
  File "/home/malyhin@noyabrsk.local/.local/lib/python3.11/site-packages/maxapi/dispatcher.py", line 611, in handle
    raise MiddlewareException(
maxapi.exceptions.dispatcher.MiddlewareException: MiddlewareException(middleware=_process_event, router_id=0, process=UpdateType.MESSAGE_CALLBACK | chat_id: 109867857, user_id: 13994310, context_keys=['data', 'state'], cause=HandlerException: HandlerException(handler=callback_send_all, router_id=0, process=UpdateType.MESSAGE_CALLBACK | chat_id: 109867857, user_id: 13994310, context_keys=['data', 'state'], cause=TypeError: MessageCallback.answer() got an unexpected keyword argument 'show_alert'))
2026-04-06 15:55:40,977 - dispatcher - INFO - Обработано: router_id: 0 | UpdateType.MESSAGE_CALLBACK | chat_id: 89731943, user_id: 50383216
2026-04-06 15:55:47,175 - __main__ - INFO - 📝 Добавлен текст: Текст...
2026-04-06 15:55:47,326 - dispatcher - INFO - Обработано: router_id: 0 | UpdateType.MESSAGE_CREATED | chat_id: 89731943, user_id: 50383216
2026-04-06 15:55:49,170 - __main__ - INFO - ✅ Сообщение сохранено в CRM, ID: 49
2026-04-06 15:55:49,171 - dispatcher - ERROR - Ошибка при обработке события: router_id: 0 | UpdateType.MESSAGE_CALLBACK | chat_id: 89731943, user_id: 50383216 | MiddlewareException(middleware=_process_event, router_id=0, process=UpdateType.MESSAGE_CALLBACK | chat_id: 89731943, user_id: 50383216, context_keys=['data', 'state'], cause=HandlerException: HandlerException(handler=callback_send_all, router_id=0, process=UpdateType.MESSAGE_CALLBACK | chat_id: 89731943, user_id: 50383216, context_keys=['data', 'state'], cause=TypeError: MessageCallback.answer() got an unexpected keyword argument 'show_alert')) 
Traceback (most recent call last):
  File "/home/malyhin@noyabrsk.local/.local/lib/python3.11/site-packages/maxapi/dispatcher.py", line 465, in _execute_handler
    await handler_chain(event, kwargs_filtered)
  File "/home/malyhin@noyabrsk.local/.local/lib/python3.11/site-packages/maxapi/dispatcher.py", line 312, in call_handler
    await handler.func_event(event_object)
  File "/home/malyhin@noyabrsk.local/trapping_v2/bot_py/bot.py", line 376, in callback_send_all
    await event.answer(notification="✅ Сообщение отправлено!", show_alert=True)
          ^^^^^^^^^^^^^^^^^^^^^^^^^^^^^^^^^^^^^^^^^^^^^^^^^^^^^^^^^^^^^^^^^^^^^^
TypeError: MessageCallback.answer() got an unexpected keyword argument 'show_alert'

The above exception was the direct cause of the following exception:

Traceback (most recent call last):
  File "/home/malyhin@noyabrsk.local/.local/lib/python3.11/site-packages/maxapi/dispatcher.py", line 598, in handle
    await global_chain(event_object, kwargs)
  File "/home/malyhin@noyabrsk.local/.local/lib/python3.11/site-packages/maxapi/dispatcher.py", line 591, in _process_event
    await _process_handlers(event_object, data)
  File "/home/malyhin@noyabrsk.local/.local/lib/python3.11/site-packages/maxapi/dispatcher.py", line 566, in _process_handlers
    await self._execute_handler(
  File "/home/malyhin@noyabrsk.local/.local/lib/python3.11/site-packages/maxapi/dispatcher.py", line 468, in _execute_handler
    raise HandlerException(
maxapi.exceptions.dispatcher.HandlerException: HandlerException(handler=callback_send_all, router_id=0, process=UpdateType.MESSAGE_CALLBACK | chat_id: 89731943, user_id: 50383216, context_keys=['data', 'state'], cause=TypeError: MessageCallback.answer() got an unexpected keyword argument 'show_alert')

The above exception was the direct cause of the following exception:

Traceback (most recent call last):
  File "/home/malyhin@noyabrsk.local/.local/lib/python3.11/site-packages/maxapi/dispatcher.py", line 611, in handle
    raise MiddlewareException(
maxapi.exceptions.dispatcher.MiddlewareException: MiddlewareException(middleware=_process_event, router_id=0, process=UpdateType.MESSAGE_CALLBACK | chat_id: 89731943, user_id: 50383216, context_keys=['data', 'state'], cause=HandlerException: HandlerException(handler=callback_send_all, router_id=0, process=UpdateType.MESSAGE_CALLBACK | chat_id: 89731943, user_id: 50383216, context_keys=['data', 'state'], cause=TypeError: MessageCallback.answer() got an unexpected keyword argument 'show_alert'))
2026-04-06 15:55:50,225 - dispatcher - ERROR - Ошибка при обработке события: router_id: 0 | UpdateType.MESSAGE_CALLBACK | chat_id: 89731943, user_id: 50383216 | MiddlewareException(middleware=_process_event, router_id=0, process=UpdateType.MESSAGE_CALLBACK | chat_id: 89731943, user_id: 50383216, context_keys=['data', 'state'], cause=HandlerException: HandlerException(handler=callback_send_all, router_id=0, process=UpdateType.MESSAGE_CALLBACK | chat_id: 89731943, user_id: 50383216, context_keys=['data', 'state'], cause=TypeError: MessageCallback.answer() got an unexpected keyword argument 'show_alert')) 
Traceback (most recent call last):
  File "/home/malyhin@noyabrsk.local/.local/lib/python3.11/site-packages/maxapi/dispatcher.py", line 465, in _execute_handler
    await handler_chain(event, kwargs_filtered)
  File "/home/malyhin@noyabrsk.local/.local/lib/python3.11/site-packages/maxapi/dispatcher.py", line 312, in call_handler
    await handler.func_event(event_object)
  File "/home/malyhin@noyabrsk.local/trapping_v2/bot_py/bot.py", line 346, in callback_send_all
    await event.answer(notification="❌ Нечего отправлять!", show_alert=True)
          ^^^^^^^^^^^^^^^^^^^^^^^^^^^^^^^^^^^^^^^^^^^^^^^^^^^^^^^^^^^^^^^^^^^
TypeError: MessageCallback.answer() got an unexpected keyword argument 'show_alert'

The above exception was the direct cause of the following exception:

Traceback (most recent call last):
  File "/home/malyhin@noyabrsk.local/.local/lib/python3.11/site-packages/maxapi/dispatcher.py", line 598, in handle
    await global_chain(event_object, kwargs)
  File "/home/malyhin@noyabrsk.local/.local/lib/python3.11/site-packages/maxapi/dispatcher.py", line 591, in _process_event
    await _process_handlers(event_object, data)
  File "/home/malyhin@noyabrsk.local/.local/lib/python3.11/site-packages/maxapi/dispatcher.py", line 566, in _process_handlers
    await self._execute_handler(
  File "/home/malyhin@noyabrsk.local/.local/lib/python3.11/site-packages/maxapi/dispatcher.py", line 468, in _execute_handler
    raise HandlerException(
maxapi.exceptions.dispatcher.HandlerException: HandlerException(handler=callback_send_all, router_id=0, process=UpdateType.MESSAGE_CALLBACK | chat_id: 89731943, user_id: 50383216, context_keys=['data', 'state'], cause=TypeError: MessageCallback.answer() got an unexpected keyword argument 'show_alert')

The above exception was the direct cause of the following exception:

Traceback (most recent call last):
  File "/home/malyhin@noyabrsk.local/.local/lib/python3.11/site-packages/maxapi/dispatcher.py", line 611, in handle
    raise MiddlewareException(
maxapi.exceptions.dispatcher.MiddlewareException: MiddlewareException(middleware=_process_event, router_id=0, process=UpdateType.MESSAGE_CALLBACK | chat_id: 89731943, user_id: 50383216, context_keys=['data', 'state'], cause=HandlerException: HandlerException(handler=callback_send_all, router_id=0, process=UpdateType.MESSAGE_CALLBACK | chat_id: 89731943, user_id: 50383216, context_keys=['data', 'state'], cause=TypeError: MessageCallback.answer() got an unexpected keyword argument 'show_alert'))
2026-04-06 15:58:12,915 - asyncio - ERROR - Unclosed client session
client_session: <aiohttp.client.ClientSession object at 0x7fdc7ade2710>
2026-04-06 15:58:14,467 - __main__ - INFO - ✅ Бот запущен
2026-04-06 15:58:14,580 - dispatcher - INFO - Бот: @nbrmessage_bot first_name=Увидел Надпись? Сообщи! id=106560023
2026-04-06 15:58:14,581 - dispatcher - INFO - Зарегистрировано 14 обработчиков событий
2026-04-06 15:58:21,930 - dispatcher - INFO - Обработано: router_id: 0 | UpdateType.MESSAGE_CALLBACK | chat_id: 109867857, user_id: 13994310
2026-04-06 15:58:24,091 - dispatcher - INFO - Обработано: router_id: 0 | UpdateType.MESSAGE_CALLBACK | chat_id: 109867857, user_id: 13994310
2026-04-06 15:58:27,106 - dispatcher - INFO - Обработано: router_id: 0 | UpdateType.MESSAGE_CALLBACK | chat_id: 109867857, user_id: 13994310
2026-04-06 15:58:31,204 - __main__ - INFO - 📷 Добавлено фото, всего: 1
2026-04-06 15:58:31,344 - dispatcher - INFO - Обработано: router_id: 0 | UpdateType.MESSAGE_CREATED | chat_id: 109867857, user_id: 13994310
2026-04-06 15:58:35,976 - dispatcher - INFO - Обработано: router_id: 0 | UpdateType.MESSAGE_CALLBACK | chat_id: 109867857, user_id: 13994310
2026-04-06 15:58:38,640 - __main__ - INFO - 📍 Добавлена геолокация: 63.20279312133789, 75.45183563232422
2026-04-06 15:58:38,763 - dispatcher - INFO - Обработано: router_id: 0 | UpdateType.MESSAGE_CREATED | chat_id: 109867857, user_id: 13994310
2026-04-06 15:58:41,093 - dispatcher - INFO - Обработано: router_id: 0 | UpdateType.MESSAGE_CALLBACK | chat_id: 109867857, user_id: 13994310
2026-04-06 15:58:44,564 - __main__ - INFO - 📝 Добавлен текст: Приманиии...
2026-04-06 15:58:44,668 - dispatcher - INFO - Обработано: router_id: 0 | UpdateType.MESSAGE_CREATED | chat_id: 109867857, user_id: 13994310
2026-04-06 15:58:46,511 - __main__ - INFO - ✅ Сообщение сохранено в CRM, ID: 50
2026-04-06 15:58:46,512 - dispatcher - ERROR - Ошибка при обработке события: router_id: 0 | UpdateType.MESSAGE_CALLBACK | chat_id: 109867857, user_id: 13994310 | MiddlewareException(middleware=_process_event, router_id=0, process=UpdateType.MESSAGE_CALLBACK | chat_id: 109867857, user_id: 13994310, context_keys=['data', 'state'], cause=HandlerException: HandlerException(handler=callback_send_all, router_id=0, process=UpdateType.MESSAGE_CALLBACK | chat_id: 109867857, user_id: 13994310, context_keys=['data', 'state'], cause=TypeError: MessageCallback.answer() got an unexpected keyword argument 'show_alert')) 
Traceback (most recent call last):
  File "/home/malyhin@noyabrsk.local/.local/lib/python3.11/site-packages/maxapi/dispatcher.py", line 465, in _execute_handler
    await handler_chain(event, kwargs_filtered)
  File "/home/malyhin@noyabrsk.local/.local/lib/python3.11/site-packages/maxapi/dispatcher.py", line 312, in call_handler
    await handler.func_event(event_object)
  File "/home/malyhin@noyabrsk.local/trapping_v2/bot_py/bot.py", line 397, in callback_send_all
    await event.answer(notification="✅ Сообщение отправлено!", show_alert=True)
          ^^^^^^^^^^^^^^^^^^^^^^^^^^^^^^^^^^^^^^^^^^^^^^^^^^^^^^^^^^^^^^^^^^^^^^
TypeError: MessageCallback.answer() got an unexpected keyword argument 'show_alert'

The above exception was the direct cause of the following exception:

Traceback (most recent call last):
  File "/home/malyhin@noyabrsk.local/.local/lib/python3.11/site-packages/maxapi/dispatcher.py", line 598, in handle
    await global_chain(event_object, kwargs)
  File "/home/malyhin@noyabrsk.local/.local/lib/python3.11/site-packages/maxapi/dispatcher.py", line 591, in _process_event
    await _process_handlers(event_object, data)
  File "/home/malyhin@noyabrsk.local/.local/lib/python3.11/site-packages/maxapi/dispatcher.py", line 566, in _process_handlers
    await self._execute_handler(
  File "/home/malyhin@noyabrsk.local/.local/lib/python3.11/site-packages/maxapi/dispatcher.py", line 468, in _execute_handler
    raise HandlerException(
maxapi.exceptions.dispatcher.HandlerException: HandlerException(handler=callback_send_all, router_id=0, process=UpdateType.MESSAGE_CALLBACK | chat_id: 109867857, user_id: 13994310, context_keys=['data', 'state'], cause=TypeError: MessageCallback.answer() got an unexpected keyword argument 'show_alert')

The above exception was the direct cause of the following exception:

Traceback (most recent call last):
  File "/home/malyhin@noyabrsk.local/.local/lib/python3.11/site-packages/maxapi/dispatcher.py", line 611, in handle
    raise MiddlewareException(
maxapi.exceptions.dispatcher.MiddlewareException: MiddlewareException(middleware=_process_event, router_id=0, process=UpdateType.MESSAGE_CALLBACK | chat_id: 109867857, user_id: 13994310, context_keys=['data', 'state'], cause=HandlerException: HandlerException(handler=callback_send_all, router_id=0, process=UpdateType.MESSAGE_CALLBACK | chat_id: 109867857, user_id: 13994310, context_keys=['data', 'state'], cause=TypeError: MessageCallback.answer() got an unexpected keyword argument 'show_alert'))
2026-04-06 16:01:19,150 - asyncio - ERROR - Unclosed client session
client_session: <aiohttp.client.ClientSession object at 0x7f5911906710>
2026-04-06 16:01:20,104 - __main__ - INFO - ✅ Бот запущен
2026-04-06 16:01:20,220 - dispatcher - INFO - Бот: @nbrmessage_bot first_name=Увидел Надпись? Сообщи! id=106560023
2026-04-06 16:01:20,221 - dispatcher - INFO - Зарегистрировано 14 обработчиков событий
2026-04-06 16:01:26,593 - dispatcher - INFO - Обработано: router_id: 0 | UpdateType.MESSAGE_CALLBACK | chat_id: 109867857, user_id: 13994310
2026-04-06 16:01:30,607 - dispatcher - INFO - Обработано: router_id: 0 | UpdateType.MESSAGE_CALLBACK | chat_id: 109867857, user_id: 13994310
2026-04-06 16:01:34,731 - dispatcher - INFO - Обработано: router_id: 0 | UpdateType.MESSAGE_CALLBACK | chat_id: 109867857, user_id: 13994310
2026-04-06 16:01:38,255 - dispatcher - INFO - Обработано: router_id: 0 | UpdateType.MESSAGE_CALLBACK | chat_id: 109867857, user_id: 13994310
2026-04-06 16:01:39,703 - dispatcher - INFO - Обработано: router_id: 0 | UpdateType.MESSAGE_CALLBACK | chat_id: 109867857, user_id: 13994310
2026-04-06 16:01:43,302 - __main__ - INFO - 📷 Добавлено фото, всего: 1
2026-04-06 16:01:43,426 - __main__ - INFO - 📷 Добавлено фото, всего: 2
2026-04-06 16:01:43,535 - dispatcher - INFO - Обработано: router_id: 0 | UpdateType.MESSAGE_CREATED | chat_id: 109867857, user_id: 13994310
2026-04-06 16:01:45,867 - dispatcher - INFO - Обработано: router_id: 0 | UpdateType.MESSAGE_CALLBACK | chat_id: 109867857, user_id: 13994310
2026-04-06 16:01:48,092 - __main__ - INFO - 📍 Добавлена геолокация: 63.20279312133789, 75.45183563232422
2026-04-06 16:01:48,211 - dispatcher - INFO - Обработано: router_id: 0 | UpdateType.MESSAGE_CREATED | chat_id: 109867857, user_id: 13994310
2026-04-06 16:01:50,223 - dispatcher - INFO - Обработано: router_id: 0 | UpdateType.MESSAGE_CALLBACK | chat_id: 109867857, user_id: 13994310
2026-04-06 16:01:55,203 - __main__ - INFO - 📝 Добавлен текст: Прроииспримот...
2026-04-06 16:01:55,322 - dispatcher - INFO - Обработано: router_id: 0 | UpdateType.MESSAGE_CREATED | chat_id: 109867857, user_id: 13994310
2026-04-06 16:01:57,061 - __main__ - INFO - ✅ Сообщение сохранено в CRM, ID: 51
2026-04-06 16:01:57,291 - dispatcher - INFO - Обработано: router_id: 0 | UpdateType.MESSAGE_CALLBACK | chat_id: 109867857, user_id: 13994310
2026-04-06 16:56:35,966 - dispatcher - INFO - Обработано: router_id: 0 | UpdateType.MESSAGE_CREATED | chat_id: 109867857, user_id: 13994310
2026-04-06 16:56:38,654 - dispatcher - INFO - Обработано: router_id: 0 | UpdateType.MESSAGE_CALLBACK | chat_id: 109867857, user_id: 13994310
2026-04-06 16:56:40,223 - dispatcher - INFO - Обработано: router_id: 0 | UpdateType.MESSAGE_CALLBACK | chat_id: 109867857, user_id: 13994310
2026-04-06 16:56:44,974 - __main__ - INFO - 📷 Добавлено фото, всего: 1
2026-04-06 16:56:45,095 - __main__ - INFO - 📷 Добавлено фото, всего: 2
2026-04-06 16:56:45,217 - dispatcher - INFO - Обработано: router_id: 0 | UpdateType.MESSAGE_CREATED | chat_id: 109867857, user_id: 13994310
2026-04-06 16:56:48,964 - dispatcher - INFO - Обработано: router_id: 0 | UpdateType.MESSAGE_CALLBACK | chat_id: 109867857, user_id: 13994310
2026-04-06 16:56:52,241 - __main__ - INFO - 📍 Добавлена геолокация: 63.202796936035156, 75.45184326171875
2026-04-06 16:56:52,367 - dispatcher - INFO - Обработано: router_id: 0 | UpdateType.MESSAGE_CREATED | chat_id: 109867857, user_id: 13994310
2026-04-06 16:56:55,306 - dispatcher - INFO - Обработано: router_id: 0 | UpdateType.MESSAGE_CALLBACK | chat_id: 109867857, user_id: 13994310
2026-04-06 16:57:01,842 - __main__ - INFO - 📝 Добавлен текст: Пппримиттолпввууам44567...
2026-04-06 16:57:01,977 - dispatcher - INFO - Обработано: router_id: 0 | UpdateType.MESSAGE_CREATED | chat_id: 109867857, user_id: 13994310
2026-04-06 16:57:04,744 - __main__ - INFO - ✅ Сообщение сохранено в CRM, ID: 52
2026-04-06 16:57:04,963 - dispatcher - INFO - Обработано: router_id: 0 | UpdateType.MESSAGE_CALLBACK | chat_id: 109867857, user_id: 13994310
2026-04-06 16:57:25,521 - asyncio - ERROR - Unclosed client session
client_session: <aiohttp.client.ClientSession object at 0x7fe4ec5168d0>
2026-04-06 16:57:28,170 - __main__ - INFO - ✅ Бот запущен
2026-04-06 16:57:28,289 - dispatcher - INFO - Бот: @nbrmessage_bot first_name=Увидел Надпись? Сообщи! id=106560023
2026-04-06 16:57:28,289 - dispatcher - INFO - Зарегистрировано 14 обработчиков событий
2026-04-06 16:57:41,301 - dispatcher - INFO - Проигнорировано: router_id: 0 | UpdateType.BOT_STOPPED | chat_id: 109867857, user_id: 13994310
2026-04-06 16:57:42,494 - dispatcher - INFO - Обработано: router_id: 0 | UpdateType.BOT_STARTED | chat_id: 109867857, user_id: 13994310
2026-04-06 16:57:46,619 - dispatcher - INFO - Обработано: router_id: 0 | UpdateType.MESSAGE_CALLBACK | chat_id: 109867857, user_id: 13994310
2026-04-06 16:57:48,376 - dispatcher - INFO - Обработано: router_id: 0 | UpdateType.MESSAGE_CALLBACK | chat_id: 109867857, user_id: 13994310
2026-04-06 16:57:51,798 - __main__ - INFO - 📷 Добавлено фото, всего: 1
2026-04-06 16:57:51,944 - dispatcher - INFO - Обработано: router_id: 0 | UpdateType.MESSAGE_CREATED | chat_id: 109867857, user_id: 13994310
2026-04-06 16:57:53,580 - dispatcher - INFO - Обработано: router_id: 0 | UpdateType.MESSAGE_CALLBACK | chat_id: 109867857, user_id: 13994310
2026-04-06 16:58:08,996 - __main__ - INFO - 📍 Добавлена геолокация: 63.18743896484375, 75.44349670410156
2026-04-06 16:58:09,114 - dispatcher - INFO - Обработано: router_id: 0 | UpdateType.MESSAGE_CREATED | chat_id: 109867857, user_id: 13994310
2026-04-06 16:58:11,176 - dispatcher - INFO - Обработано: router_id: 0 | UpdateType.MESSAGE_CALLBACK | chat_id: 109867857, user_id: 13994310
2026-04-06 16:58:16,400 - __main__ - INFO - 📝 Добавлен текст: Проверка работы...
2026-04-06 16:58:16,515 - dispatcher - INFO - Обработано: router_id: 0 | UpdateType.MESSAGE_CREATED | chat_id: 109867857, user_id: 13994310
2026-04-06 16:58:18,085 - __main__ - INFO - ✅ Сообщение сохранено в CRM, ID: 53
2026-04-06 16:58:18,297 - dispatcher - INFO - Обработано: router_id: 0 | UpdateType.MESSAGE_CALLBACK | chat_id: 109867857, user_id: 13994310
2026-04-06 17:01:04,246 - dispatcher - INFO - Обработано: router_id: 0 | UpdateType.MESSAGE_CREATED | chat_id: 104214492, user_id: 7329227
2026-04-06 17:01:12,216 - dispatcher - INFO - Обработано: router_id: 0 | UpdateType.MESSAGE_CALLBACK | chat_id: 104214492, user_id: 7329227
2026-04-06 17:01:23,681 - dispatcher - INFO - Обработано: router_id: 0 | UpdateType.MESSAGE_CALLBACK | chat_id: 104214492, user_id: 7329227
2026-04-06 18:28:00,733 - dispatcher - INFO - Обработано: router_id: 0 | UpdateType.MESSAGE_CREATED | chat_id: 109867857, user_id: 13994310
2026-04-06 18:28:08,224 - dispatcher - INFO - Обработано: router_id: 0 | UpdateType.MESSAGE_CALLBACK | chat_id: 109867857, user_id: 13994310
2026-04-06 18:28:11,881 - dispatcher - INFO - Обработано: router_id: 0 | UpdateType.MESSAGE_CALLBACK | chat_id: 109867857, user_id: 13994310
2026-04-06 18:28:12,390 - dispatcher - INFO - Обработано: router_id: 0 | UpdateType.MESSAGE_CALLBACK | chat_id: 109867857, user_id: 13994310
2026-04-06 18:28:31,426 - __main__ - INFO - 📷 Добавлено фото, всего: 1
2026-04-06 18:28:31,546 - dispatcher - INFO - Обработано: router_id: 0 | UpdateType.MESSAGE_CREATED | chat_id: 109867857, user_id: 13994310
2026-04-06 18:28:33,589 - dispatcher - INFO - Обработано: router_id: 0 | UpdateType.MESSAGE_CALLBACK | chat_id: 109867857, user_id: 13994310
2026-04-06 18:28:37,979 - __main__ - INFO - 📍 Добавлена геолокация: 63.124481201171875, 75.3681411743164
2026-04-06 18:28:38,104 - dispatcher - INFO - Обработано: router_id: 0 | UpdateType.MESSAGE_CREATED | chat_id: 109867857, user_id: 13994310
2026-04-06 18:28:42,039 - dispatcher - INFO - Обработано: router_id: 0 | UpdateType.MESSAGE_CALLBACK | chat_id: 109867857, user_id: 13994310
2026-04-06 18:28:47,012 - __main__ - INFO - 📝 Добавлен текст: Проблема...
2026-04-06 18:28:47,129 - dispatcher - INFO - Обработано: router_id: 0 | UpdateType.MESSAGE_CREATED | chat_id: 109867857, user_id: 13994310
2026-04-06 18:28:48,723 - __main__ - INFO - ✅ Сообщение сохранено в CRM, ID: 54
2026-04-06 18:28:48,966 - dispatcher - INFO - Обработано: router_id: 0 | UpdateType.MESSAGE_CALLBACK | chat_id: 109867857, user_id: 13994310
2026-04-06 19:06:56,680 - dispatcher - INFO - Обработано: router_id: 0 | UpdateType.MESSAGE_CALLBACK | chat_id: 109867857, user_id: 13994310
2026-04-06 19:07:00,663 - dispatcher - INFO - Обработано: router_id: 0 | UpdateType.MESSAGE_CALLBACK | chat_id: 109867857, user_id: 13994310
2026-04-06 19:07:14,016 - __main__ - INFO - 📷 Добавлено фото, всего: 1
2026-04-06 19:07:14,124 - __main__ - INFO - 📷 Добавлено фото, всего: 2
2026-04-06 19:07:14,238 - dispatcher - INFO - Обработано: router_id: 0 | UpdateType.MESSAGE_CREATED | chat_id: 109867857, user_id: 13994310
2026-04-06 19:07:19,476 - dispatcher - INFO - Обработано: router_id: 0 | UpdateType.MESSAGE_CALLBACK | chat_id: 109867857, user_id: 13994310
2026-04-06 19:07:32,345 - __main__ - INFO - 📍 Добавлена геолокация: 63.11642074584961, 75.34554290771484
2026-04-06 19:07:32,471 - dispatcher - INFO - Обработано: router_id: 0 | UpdateType.MESSAGE_CREATED | chat_id: 109867857, user_id: 13994310
2026-04-06 19:07:35,583 - dispatcher - INFO - Обработано: router_id: 0 | UpdateType.MESSAGE_CALLBACK | chat_id: 109867857, user_id: 13994310
2026-04-06 19:07:43,001 - __main__ - INFO - 📝 Добавлен текст: Ещё одна проверка....
2026-04-06 19:07:43,119 - dispatcher - INFO - Обработано: router_id: 0 | UpdateType.MESSAGE_CREATED | chat_id: 109867857, user_id: 13994310
2026-04-06 19:07:45,240 - __main__ - INFO - ✅ Сообщение сохранено в CRM, ID: 55
2026-04-06 19:07:45,463 - dispatcher - INFO - Обработано: router_id: 0 | UpdateType.MESSAGE_CALLBACK | chat_id: 109867857, user_id: 13994310
2026-04-06 19:08:03,464 - dispatcher - INFO - Обработано: router_id: 0 | UpdateType.MESSAGE_CALLBACK | chat_id: 109867857, user_id: 13994310
2026-04-06 19:08:13,458 - dispatcher - INFO - Обработано: router_id: 0 | UpdateType.MESSAGE_CALLBACK | chat_id: 109867857, user_id: 13994310
2026-04-06 19:08:40,407 - dispatcher - INFO - Обработано: router_id: 0 | UpdateType.MESSAGE_CALLBACK | chat_id: 109867857, user_id: 13994310
2026-04-06 19:08:44,377 - dispatcher - INFO - Обработано: router_id: 0 | UpdateType.MESSAGE_CALLBACK | chat_id: 109867857, user_id: 13994310
2026-04-06 19:08:51,940 - dispatcher - INFO - Обработано: router_id: 0 | UpdateType.MESSAGE_CALLBACK | chat_id: 109867857, user_id: 13994310
2026-04-06 19:09:00,703 - dispatcher - INFO - Обработано: router_id: 0 | UpdateType.MESSAGE_CALLBACK | chat_id: 109867857, user_id: 13994310
2026-04-06 19:40:02,586 - dispatcher - INFO - Обработано: router_id: 0 | UpdateType.MESSAGE_CALLBACK | chat_id: 89731943, user_id: 50383216
2026-04-06 19:40:11,961 - dispatcher - INFO - Обработано: router_id: 0 | UpdateType.MESSAGE_CALLBACK | chat_id: 89731943, user_id: 50383216
2026-04-06 19:40:15,073 - dispatcher - INFO - Обработано: router_id: 0 | UpdateType.MESSAGE_CALLBACK | chat_id: 89731943, user_id: 50383216
2026-04-07 06:06:34,894 - dispatcher - INFO - Обработано: router_id: 0 | UpdateType.MESSAGE_CALLBACK | chat_id: 109867857, user_id: 13994310
2026-04-07 06:06:36,912 - dispatcher - INFO - Обработано: router_id: 0 | UpdateType.MESSAGE_CALLBACK | chat_id: 109867857, user_id: 13994310
2026-04-07 06:06:48,435 - __main__ - INFO - 📷 Добавлено фото, всего: 1
2026-04-07 06:06:48,539 - __main__ - INFO - 📷 Добавлено фото, всего: 2
2026-04-07 06:06:48,661 - dispatcher - INFO - Обработано: router_id: 0 | UpdateType.MESSAGE_CREATED | chat_id: 109867857, user_id: 13994310
2026-04-07 06:07:00,973 - dispatcher - INFO - Обработано: router_id: 0 | UpdateType.MESSAGE_CALLBACK | chat_id: 109867857, user_id: 13994310
2026-04-07 06:07:34,653 - __main__ - INFO - 📍 Добавлена геолокация: 63.11664962768555, 75.34661865234375
2026-04-07 06:07:34,775 - dispatcher - INFO - Обработано: router_id: 0 | UpdateType.MESSAGE_CREATED | chat_id: 109867857, user_id: 13994310
2026-04-07 06:07:37,303 - dispatcher - INFO - Обработано: router_id: 0 | UpdateType.MESSAGE_CALLBACK | chat_id: 109867857, user_id: 13994310
2026-04-07 06:08:08,494 - __main__ - INFO - 📝 Добавлен текст: Где-то тут была замечена стая собак...
2026-04-07 06:08:08,598 - dispatcher - INFO - Обработано: router_id: 0 | UpdateType.MESSAGE_CREATED | chat_id: 109867857, user_id: 13994310
2026-04-07 06:08:10,820 - dispatcher - INFO - Обработано: router_id: 0 | UpdateType.MESSAGE_CALLBACK | chat_id: 109867857, user_id: 13994310
2026-04-07 06:08:12,396 - dispatcher - INFO - Обработано: router_id: 0 | UpdateType.MESSAGE_CALLBACK | chat_id: 109867857, user_id: 13994310
2026-04-07 10:38:23,073 - asyncio - ERROR - Unclosed client session
client_session: <aiohttp.client.ClientSession object at 0x7f62fc72db90>
2026-04-07 10:38:24,113 - __main__ - INFO - ✅ Бот запущен
2026-04-07 10:38:24,231 - dispatcher - INFO - Бот: @nbrmessage_bot first_name=Увидел Надпись? Сообщи! id=106560023
2026-04-07 10:38:24,231 - dispatcher - INFO - Зарегистрировано 14 обработчиков событий
2026-04-07 10:38:28,968 - dispatcher - INFO - Проигнорировано: router_id: 0 | UpdateType.BOT_STOPPED | chat_id: 109867857, user_id: 13994310
2026-04-07 10:38:31,386 - dispatcher - INFO - Проигнорировано: router_id: 0 | UpdateType.DIALOG_CLEARED | chat_id: 109867857, user_id: 13994310
2026-04-07 10:38:32,897 - dispatcher - INFO - Обработано: router_id: 0 | UpdateType.BOT_STARTED | chat_id: 109867857, user_id: 13994310
2026-04-07 10:38:34,811 - dispatcher - INFO - Обработано: router_id: 0 | UpdateType.MESSAGE_CALLBACK | chat_id: 109867857, user_id: 13994310
2026-04-07 10:39:12,111 - dispatcher - INFO - Обработано: router_id: 0 | UpdateType.MESSAGE_CALLBACK | chat_id: 109867857, user_id: 13994310
2026-04-07 11:28:35,613 - asyncio - ERROR - Unclosed client session
client_session: <aiohttp.client.ClientSession object at 0x7efe3a10e790>
2026-04-07 11:28:37,298 - __main__ - INFO - ✅ Бот запущен
2026-04-07 11:28:37,413 - dispatcher - INFO - Бот: @nbrmessage_bot first_name=Увидел Надпись? Сообщи! id=106560023
2026-04-07 11:28:37,414 - dispatcher - INFO - Зарегистрировано 14 обработчиков событий
2026-04-07 11:28:38,147 - asyncio - ERROR - Unclosed client session
client_session: <aiohttp.client.ClientSession object at 0x7fb0b303f210>
2026-04-07 11:33:35,554 - __main__ - INFO - ✅ Бот запущен
2026-04-07 11:33:35,664 - dispatcher - INFO - Бот: @nbrmessage_bot first_name=Увидел Надпись? Сообщи! id=106560023
2026-04-07 11:33:35,664 - dispatcher - INFO - Зарегистрировано 14 обработчиков событий
2026-04-07 11:33:37,094 - __main__ - INFO - 👋 Задача отменена
2026-04-07 11:33:37,095 - __main__ - INFO - 🔄 Закрытие соединений...
2026-04-07 11:33:37,095 - __main__ - INFO - ✅ Сессия закрыта
2026-04-07 11:33:38,866 - __main__ - INFO - ✅ Бот запущен
2026-04-07 11:33:38,988 - dispatcher - INFO - Бот: @nbrmessage_bot first_name=Увидел Надпись? Сообщи! id=106560023
2026-04-07 11:33:38,988 - dispatcher - INFO - Зарегистрировано 14 обработчиков событий
2026-04-07 11:34:08,307 - dispatcher - INFO - Проигнорировано: router_id: 0 | UpdateType.BOT_STOPPED | chat_id: 109867857, user_id: 13994310
2026-04-07 11:34:11,670 - dispatcher - INFO - Проигнорировано: router_id: 0 | UpdateType.DIALOG_CLEARED | chat_id: 109867857, user_id: 13994310
2026-04-07 11:34:18,383 - dispatcher - INFO - Обработано: router_id: 0 | UpdateType.BOT_STARTED | chat_id: 109867857, user_id: 13994310
2026-04-07 11:58:04,479 - __main__ - INFO - 👋 Задача отменена
2026-04-07 11:58:04,479 - __main__ - INFO - 🔄 Закрытие соединений...
2026-04-07 11:58:04,480 - __main__ - INFO - ✅ Сессия закрыта
2026-04-07 11:58:05,398 - __main__ - INFO - ✅ Бот запущен
2026-04-07 11:58:05,513 - dispatcher - INFO - Бот: @nbrmessage_bot first_name=Увидел Надпись? Сообщи! id=106560023
2026-04-07 11:58:05,514 - dispatcher - INFO - Зарегистрировано 14 обработчиков событий
2026-04-10 12:03:21,861 - __main__ - INFO - ✅ Бот запущен
2026-04-10 12:03:21,970 - dispatcher - INFO - Бот: @nbrmessage_bot first_name=Увидел Надпись? Сообщи! id=106560023
2026-04-10 12:03:21,971 - dispatcher - INFO - Зарегистрировано 14 обработчиков событий
2026-04-10 13:36:01,950 - dispatcher - INFO - Проигнорировано: router_id: 0 | UpdateType.BOT_STOPPED | chat_id: 109867857, user_id: 13994310
2026-04-10 13:36:03,279 - dispatcher - INFO - Обработано: router_id: 0 | UpdateType.BOT_STARTED | chat_id: 109867857, user_id: 13994310
2026-04-10 13:36:10,860 - dispatcher - INFO - Проигнорировано: router_id: 0 | UpdateType.DIALOG_CLEARED | chat_id: 109867857, user_id: 13994310
2026-04-10 13:36:14,128 - dispatcher - INFO - Проигнорировано: router_id: 0 | UpdateType.BOT_STOPPED | chat_id: 109867857, user_id: 13994310
2026-04-10 13:36:16,154 - dispatcher - INFO - Обработано: router_id: 0 | UpdateType.BOT_STARTED | chat_id: 109867857, user_id: 13994310
2026-04-10 13:56:47,754 - __main__ - INFO - 👋 Задача отменена
2026-04-10 13:56:47,755 - __main__ - INFO - 🔄 Закрытие соединений...
2026-04-10 13:56:47,755 - __main__ - INFO - ✅ Сессия закрыта
2026-04-10 13:56:49,723 - __main__ - INFO - ✅ Бот запущен
2026-04-10 13:56:49,837 - dispatcher - INFO - Бот: @nbrmessage_bot first_name=Увидел Надпись? Сообщи! id=106560023
2026-04-10 13:56:49,838 - dispatcher - INFO - Зарегистрировано 14 обработчиков событий
